subclass_label,subclass_short,zone
01 CR,CR,Glut
02 Meis2,Meis2,GABA
03 Lamp5,Lamp5,GABA
04 Sncg,Sncg,GABA
05 Vip,Vip,GABA
06 Sst Chodl,Sst Chodl,GABA
07 Sst,Sst,GABA
08 Pvalb,Pvalb,GABA
09 L2/3 IT PPP,L2/3 IT PPP,Glut
10 L3 IT ENT,L3 IT ENT,Glut
11 L2 IT ENTm,L2 IT ENTm,Glut
12 L2 IT ENTl,L2 IT ENTl,Glut
13 L2/3 IT ENTl,L2/3 IT ENTl,Glut
14 L2/3 IT CTX,L2/3 IT CTX,Glut
15 L2/3 IT RHP,L2/3 IT RHP,Glut
16 L4/5 IT CTX,L4/5 IT CTX,Glut
17 L5 IT CTX,L5 IT CTX,Glut
18 L5/6 IT TPE-ENT,L5/6 IT TPE-ENT,Glut
19 L6 IT CTX,L6 IT CTX,Glut
20 L6 IT ENTl,L6 IT ENTl,Glut
21 Car3,Car3,Glut
22 L5 PT CTX,L5 PT CTX,Glut
23 L4 RSP-ACA,L4 RSP-ACA,Glut
24 L5 PPP,L5 PPP,Glut
25 L5/6 NP CTX,L5/6 NP CTX,Glut
26 NP SUB,NP SUB,Glut
27 NP PPP,NP PPP,Glut
28 L6 CT CTX,L6 CT CTX,Glut
29 CT SUB,CT SUB,Glut
30 L6b/CT ENT,L6b/CT ENT,Glut
31 L6b CTX,L6b CTX,Glut
32 SUB-ProS,SUB-ProS,Glut
33 CA1-ProS,CA1-ProS,Glut
34 CA3,CA3,Glut
35 CA2-IG-FC,CA2-IG-FC,Glut
36 DG,DG,Glut
37 Oligo,Oligo,Non
38 Astro,Astro,Non
39 Endo,Endo,Non
40 SMC-Peri,SMC-Peri,Non
41 VLMC,VLMC,Non
42 Micro-PVM,Micro-PVM,Non