Symbol,Label
Cck,cholecystokinin
Sst,somatostatin
Npy,neuropeptide Y
Penk,preproenkephalin
Vip,vasoactive intestinal peptide
Tac1,tachykinin 1
Adcyap1,adenylate cyclase activating peptide
Pdyn,prodynorphin
Pnoc,prepronociceptin
Cort,cortistatin
Nts,neurotensin
Tac2,tachykinin 2
Crh,corticotropin releasing hormone
Avp,arginine vasopressin
Oxt,oxytocin
Pmch,pro-melanin-concentrating hormone
Agrp,agouti related neuropeptide
Grp,gastrin releasing peptide
Pomc,pro-opiomelanocortin-alpha
Gal,galanin and GMAP peptide
Trh,thyrotropin releasing hormone
Nmb,neuromedin B
Pthlh,parathyroid hormone-like peptide
Gnrh1,gonadotropin releasing hormone 1
Calca,calcitonin/calc-related peptide A
Hcrt,hypocretin
Npff,neuropeptide FF-amide peptide
Edn1,endothelin 1
Adm,adrenomedullin
Ghrh,growth hormone releasing hormone
Ucn3,urocortin 3
Npb,neuropeptide B
Agt,angiotensinogen
Nmu,neuromedin U
Rln3,relaxin 3
Rln1,relaxin 1
Apln,apelin
Sct,secretin
Nps,neuropeptide S
Calcb,calcitonin-related peptide B
Ucn,urocortin
Edn3,endothelin 3
Gast,gastrin
Ghrl,ghrelin
Npw,neuropeptide W
Npvf,neuropeptide VF precursor
Nms,neuromedin S
Ucn2,urocortin 2
Pyy,peptide YY
Gcg,glucagon
Adm2,adrenomedullin 2
Uts2b,urotensin 2B
Uts2,urotensin 2
Prlh,prolactin releasing hormone
Galp,galanin-like peptide
Edn2,endothelin 2
Kiss1,KiSS-1 metastasis-suppressor
Kng1,kininogen 1/2
Gip,gastric inhibitory polypeptide
Iapp,islet amyloid polypeptide
Ppy,pancreatic polypeptide
Oprm1,Mu Opioid Receptor
Adcyap1r1,Adenylate Cyclase Activating Peptide 1 Receptor 1
Npy1r,Neuropeptide Y Receptor Y1
Cckbr,Cholecystokinin B Receptor
Oprl1,Opioid Receptor-Like 1
Npsr1,Neuropeptide S Receptor 1
Rxfp1,Relaxin Family Receptor 1
Crhr1,Corticotropin Releasing Hormone Receptor 1
Hcrtr2,Hypocretin (Orexin) Receptor 2
Sstr2,Somatostatin Receptor 2
Gpr173,Gpr173
Vipr1,Vasoactive Intestinal Peptide Receptor 1
Oprk1,Kappa Opioid Receptor
Tacr1,Tachykinin Receptor 1
Trhr,Thyrotropin Releasing Hormone Receptor
Sstr3,Somatostatin Receptor 3
Oprd1,Delta Opioid Receptor
Npy2r,Neuropeptide Y Receptor Y2
Tacr3,Tachykinin Receptor 3
Npy5r,Neurpeptide Y Receptor Y5
Mchr1,Melanin-Concentrating Hormone Receptor 1
Ntsr1,Neurotensin Receptor 1
Vipr2,Vasoactive Intestinal Peptide Receptor 2
Glp2r,Glucagon-Like Peptide 2 Receptor
Oxtr,Oxytocin Receptor
Npffr1,Neuropeptide FF Receptor 1
Sstr1,Somatostatin Receptor 1
Glp1r,Glucagon-Like Peptide 1 Receptor
Calcr,Calcitonin Receptor
Galr1,Galanin Receptor 1
Pth1r,Parathyroid Hormone 1 Receptor
Kiss1r,Kisspeptin Receptor
Hcrtr1,Hypocretin (Orexin) Receptor 1
Npffr2,Neuropeptide FF Receptor 2
Calcrl,Calcitonin Receptor-Like
Rxfp2,Relaxin Family Receptor 2
Ntsr2,Neurotensin Receptor 2
Mc4r,Melanocortin 4 Receptor
Rxfp3,Relaxin Family Receptor 3
Grpr,Gastrin Releasing Peptide Receptor
Crhr2,Corticotropin Releasing Hormone Receptor 2
Mc1r,Melanocortin 1 Receptor
Nmbr,Neuromedin B Receptor
Gipr,Gastric Inhibitory Polypeptide Receptor
Agtr1a,"Angiotensin II Receptor, Type 1a"
Nmur2,Neuromedin U Receptor 2
Ednra,Endothelin Receptor Type A
Cckar,Cholecystokinin A Receptor
Npbwr1,Neuropeptides B/W Receptor 1
Ednrb,Endothelin Receptor Type B
Agtr2,"Angiotensin Ii Receptor, Type 2"
Avpr1a,Arginine Vasopressin Receptor 1a
Mc3r,Melanocortin 3 Receptor
Nmur1,Neuromedin U Receptor 1
Trhr2,Thyrotropin Releasing Hormone Receptor 2
Agtr1b,"Angiotensin II Receptor, Type 1b"
Sstr5,Somatostatin Receptor 5
Mc5r,Melanocortin 5 Receptor
Ghsr,Ghrelin Receptor
Bdkrb1,"Bradykinin Receptor, Beta 1"
Sstr4,Somatostatin Receptor 4
Uts2r,Urotensin 2 Receptor
Galr3,Galanin Receptor 3
Sctr,Secretin Receptor
Aplnr,Apelin receoptor
Tacr2,Tachykinin Receptor 2
Prlhr,Prolactin-Releasing Peptide Receptor
Npy4r,Neurpeptide Y Receptor Y4
Gnrhr,Gonadotrophin-releasing hormone receptors
Gcgr,Glucagon Receptor
Mc2r,Melanocortin 2 Receptor
Avpr1b,Arginine Vasopressin Receptor 1B
Galr2,Galanin Receptor 2
Avpr2,Arginine Vasopressin Receptor 2
Ghrhr,Growth Hormone Releasing Hormone Receptor
Rxfp4,Relaxin Family Peptide Receptor 4