Symbol,Label
Cacna1a,"calcium channel, voltage-dependent, P/Q type, alpha 1A subunit"
Cacna1b,"calcium channel, voltage-dependent, N type, alpha 1B subunit"
Cacna1c,"calcium channel, voltage-dependent, L type, alpha 1C subunit"
Cacna1d,"calcium channel, voltage-dependent, L type, alpha 1D subunit"
Cacna1e,"calcium channel, voltage-dependent, R type, alpha 1E subunit"
Cacna1f,"calcium channel, voltage-dependent, alpha 1F subunit"
Cacna1g,"calcium channel, voltage-dependent, T type, alpha 1G subunit"
Cacna1h,"calcium channel, voltage-dependent, T type, alpha 1H subunit"
Cacna1i,"calcium channel, voltage-dependent, alpha 1I subunit"
Cacna1s,"calcium channel, voltage-dependent, L type, alpha 1S subunit"
Cacna2d1,"calcium channel, voltage-dependent, alpha2/delta subunit 1"
Cacna2d2,"calcium channel, voltage-dependent, alpha 2/delta subunit 2"
Cacna2d3,"calcium channel, voltage-dependent, alpha2/delta subunit 3"
Cacna2d4,"calcium channel, voltage-dependent, alpha 2/delta subunit 4"
Cacnb1,"calcium channel, voltage-dependent, beta 1 subunit"
Cacnb2,"calcium channel, voltage-dependent, beta 2 subunit"
Cacnb3,"calcium channel, voltage-dependent, beta 3 subunit"
Cacnb4,"calcium channel, voltage-dependent, beta 4 subunit"
Cacng1,"calcium channel, voltage-dependent, gamma subunit 1"
Cacng2,"calcium channel, voltage-dependent, gamma subunit 2"
Cacng3,"calcium channel, voltage-dependent, gamma subunit 3"
Cacng4,"calcium channel, voltage-dependent, gamma subunit 4"
Cacng5,"calcium channel, voltage-dependent, gamma subunit 5"
Cacng6,"calcium channel, voltage-dependent, gamma subunit 6"
Cacng7,"calcium channel, voltage-dependent, gamma subunit 7"
Cacng8,"calcium channel, voltage-dependent, gamma subunit 8"
Cnga1,cyclic nucleotide gated channel alpha 1
Cnga2,cyclic nucleotide gated channel alpha 2
Cnga3,cyclic nucleotide gated channel alpha 3
Cnga4,cyclic nucleotide gated channel alpha 4
Cngb1,cyclic nucleotide gated channel beta 1
Cngb3,cyclic nucleotide gated channel beta 3
Hcn1,"hyperpolarization-activated, cyclic nucleotide-gated  potassium channel 1"
Hcn2,"hyperpolarization-activated, cyclic nucleotide-gated  potassium channel 2"
Hcn3,"hyperpolarization-activated, cyclic nucleotide-gated  potassium channel 3"
Hcn4,"hyperpolarization-activated, cyclic nucleotide-gated  potassium channel 4"
Kcna1,"potassium voltage-gated channel, shaker-related subfamily, member 1"
Kcna10,"potassium voltage-gated channel, shaker-related subfamily, member 10"
Kcna2,"potassium voltage-gated channel, shaker-related subfamily, member 2"
Kcna3,"potassium voltage-gated channel, shaker-related subfamily, member 3"
Kcna4,"potassium voltage-gated channel, shaker-related subfamily, member 4"
Kcna5,"potassium voltage-gated channel, shaker-related subfamily, member 5"
Kcna6,"potassium voltage-gated channel, shaker-related, subfamily, member 6"
Kcna7,"potassium voltage-gated channel, shaker-related subfamily, member 7"
Kcnb1,"potassium voltage gated channel, Shab-related subfamily, member 1"
Kcnb2,"potassium voltage gated channel, Shab-related subfamily, member 2"
Kcnc1,"potassium voltage gated channel, Shaw-related subfamily, member 1"
Kcnc2,"potassium voltage gated channel, Shaw-related subfamily, member 2"
Kcnc3,"potassium voltage gated channel, Shaw-related subfamily, member 3"
Kcnc4,"potassium voltage gated channel, Shaw-related subfamily, member 4"
Kcnd1,"potassium voltage-gated channel, Shal-related family, member 1"
Kcnd2,"potassium voltage-gated channel, Shal-related family, member 2"
Kcnd3,"potassium voltage-gated channel, Shal-related family, member 3"
Kcnf1,"potassium voltage-gated channel, subfamily F, member 1"
Kcng1,"potassium voltage-gated channel, subfamily G, member 1"
Kcng2,"potassium voltage-gated channel, subfamily G, member 2"
Kcng3,"potassium voltage-gated channel, subfamily G, member 3"
Kcng4,"potassium voltage-gated channel, subfamily G, member 4"
Kcnh1,"potassium voltage-gated channel, subfamily H (eag-related), member 1"
Kcnh2,"potassium voltage-gated channel, subfamily H (eag-related), member 2"
Kcnh3,"potassium voltage-gated channel, subfamily H (eag-related), member 3"
Kcnh4,"potassium voltage-gated channel, subfamily H (eag-related), member 4"
Kcnh5,"potassium voltage-gated channel, subfamily H (eag-related), member 5"
Kcnh6,"potassium voltage-gated channel, subfamily H (eag-related), member 6"
Kcnh7,"potassium voltage-gated channel, subfamily H (eag-related), member 7"
Kcnh8,"potassium voltage-gated channel, subfamily H (eag-related), member 8"
Kcnj1,"potassium inwardly-rectifying channel, subfamily J, member 1"
Kcnj10,"potassium inwardly-rectifying channel, subfamily J, member 10"
Kcnj11,"potassium inwardly rectifying channel, subfamily J, member 11"
Kcnj12,"potassium inwardly-rectifying channel, subfamily J, member 12"
Kcnj13,"potassium inwardly-rectifying channel, subfamily J, member 13"
Kcnj14,"potassium inwardly-rectifying channel, subfamily J, member 14"
Kcnj15,"potassium inwardly-rectifying channel, subfamily J, member 15"
Kcnj16,"potassium inwardly-rectifying channel, subfamily J, member 16"
Kcnj2,"potassium inwardly-rectifying channel, subfamily J, member 2"
Kcnj3,"potassium inwardly-rectifying channel, subfamily J, member 3"
Kcnj4,"potassium inwardly-rectifying channel, subfamily J, member 4"
Kcnj5,"potassium inwardly-rectifying channel, subfamily J, member 5"
Kcnj6,"potassium inwardly-rectifying channel, subfamily J, member 6"
Kcnj8,"potassium inwardly-rectifying channel, subfamily J, member 8"
Kcnj9,"potassium inwardly-rectifying channel, subfamily J, member 9"
Kcnk1,"potassium channel, subfamily K, member 1"
Kcnk10,"potassium channel, subfamily K, member 10"
Kcnk12,"potassium channel, subfamily K, member 12"
Kcnk13,"potassium channel, subfamily K, member 13"
Kcnk15,"potassium channel, subfamily K, member 15"
Kcnk18,"potassium channel, subfamily K, member 18"
Kcnk2,"potassium channel, subfamily K, member 2"
Kcnk3,"potassium channel, subfamily K, member 3"
Kcnk4,"potassium channel, subfamily K, member 4"
Kcnk5,"potassium channel, subfamily K, member 5"
Kcnk6,"potassium inwardly-rectifying channel, subfamily K, member 6"
Kcnk7,"potassium channel, subfamily K, member 7"
Kcnk9,"potassium channel, subfamily K, member 9"
Kcnma1,"potassium large conductance calcium-activated channel, subfamily M, alpha member 1"
Kcnmb1,"potassium large conductance calcium-activated channel, subfamily M, beta member 1"
Kcnmb2,"potassium large conductance calcium-activated channel, subfamily M, beta member 2"
Kcnmb3,"potassium large conductance calcium-activated channel, subfamily M, beta member 3"
Kcnmb4,"potassium large conductance calcium-activated channel, subfamily M, beta member 4"
Kcnn1,"potassium intermediate/small conductance calcium-activated channel, subfamily N, member 1"
Kcnn2,"potassium intermediate/small conductance calcium-activated channel, subfamily N, member 2"
Kcnn3,"potassium intermediate/small conductance calcium-activated channel, subfamily N, member 3"
Kcnn4,"potassium intermediate/small conductance calcium-activated channel, subfamily N, member 4"
Kcnq1,"potassium voltage-gated channel, subfamily Q, member 1"
Kcnq2,"potassium voltage-gated channel, subfamily Q, member 2"
Kcnq3,"potassium voltage-gated channel, subfamily Q, member 3"
Kcnq4,"potassium voltage-gated channel, subfamily Q, member 4"
Kcnq5,"potassium voltage-gated channel, subfamily Q, member 5"
Kcns1,"K+ voltage-gated channel, subfamily S, 1"
Kcns2,"K+ voltage-gated channel, subfamily S, 2"
Kcns3,"potassium voltage-gated channel, delayed-rectifier, subfamily S, member 3"
Kcnt1,"potassium channel, subfamily T, member 1"
Kcnt2,"potassium channel, subfamily T, member 2"
Kcnu1,"potassium channel, subfamily U, member 1"
Kcnv1,"potassium channel, subfamily V, member 1"
Kcnv2,"potassium channel, subfamily V, member 2"
Piezo1,piezo-type mechanosensitive ion channel component 1
Piezo2,piezo-type mechanosensitive ion channel component 2
Scn10a,"sodium channel, voltage-gated, type X, alpha"
Scn11a,"sodium channel, voltage-gated, type XI, alpha"
Scn1a,"sodium channel, voltage-gated, type I, alpha"
Scn1b,"sodium channel, voltage-gated, type I, beta"
Scn2b,"sodium channel, voltage-gated, type II, beta"
Scn3a,"sodium channel, voltage-gated, type III, alpha"
Scn3b,"sodium channel, voltage-gated, type III, beta"
Scn4a,"sodium channel, voltage-gated, type IV, alpha"
Scn4b,"sodium channel, type IV, beta"
Scn5a,"sodium channel, voltage-gated, type V, alpha"
Scn7a,"sodium channel, voltage-gated, type VII, alpha"
Scn8a,"sodium channel, voltage-gated, type VIII, alpha"
Scn9a,"sodium channel, voltage-gated, type IX, alpha"
Scnm1,sodium channel modifier 1
Trpa1,"transient receptor potential cation channel, subfamily A, member 1"
Trpc1,"transient receptor potential cation channel, subfamily C, member 1"
Trpc3,"transient receptor potential cation channel, subfamily C, member 3"
Trpc4,"transient receptor potential cation channel, subfamily C, member 4"
Trpc4ap,"transient receptor potential cation channel, subfamily C, member 4 associated protein"
Trpc5,"transient receptor potential cation channel, subfamily C, member 5"
Trpc5os,"transient receptor potential cation channel, subfamily C, member 5, opposite strand"
Trpc6,"transient receptor potential cation channel, subfamily C, member 6"
Trpc7,"transient receptor potential cation channel, subfamily C, member 7"
Trpm1,"transient receptor potential cation channel, subfamily M, member 1"
Trpm2,"transient receptor potential cation channel, subfamily M, member 2"
Trpm3,"transient receptor potential cation channel, subfamily M, member 3"
Trpm4,"transient receptor potential cation channel, subfamily M, member 4"
Trpm5,"transient receptor potential cation channel, subfamily M, member 5"
Trpm6,"transient receptor potential cation channel, subfamily M, member 6"
Trpm7,"transient receptor potential cation channel, subfamily M, member 7"
Trpm8,"transient receptor potential cation channel, subfamily M, member 8"
Trpv1,"transient receptor potential cation channel, subfamily V, member 1"
Trpv2,"transient receptor potential cation channel, subfamily V, member 2"
Trpv3,"transient receptor potential cation channel, subfamily V, member 3"
Trpv4,"transient receptor potential cation channel, subfamily V, member 4"
Trpv5,"transient receptor potential cation channel, subfamily V, member 5"
Trpv6,"transient receptor potential cation channel, subfamily V, member 6"