Symbol,Prim Xducr,Label,
Adcyap1r1,S,adenylate cyclase activating peptide 1 receptor 1,
Adora1,I/O,adenosine A1 receptor,
Adora2a,S,adenosine A2a receptor,
Adora2b,S,adenosine A2b receptor,
Adora3,I/O,adenosine A3 receptor,
Adra1a,Q/11,Adrenoceptor alpha 1A,
Adra1b,Q/11,Adrenoceptor alpha 1B,
Adra1d,Q/11,Adrenoceptor alpha 1D,
Adra2a,I/O,"adrenergic receptor, alpha 2a",
Adra2b,I/O,"adrenergic receptor, alpha 2b",
Adra2c,I/O,"adrenergic receptor, alpha 2c",
Adrb1,S,"adrenergic receptor, beta 1",
Adrb2,S,"adrenergic receptor, beta 2",
Adrb3,S,"adrenergic receptor, beta 3",
Agtr1a,I/O,"angiotensin II receptor, type 1a",
Agtr1b,I/O,"angiotensin II receptor, type 1b",
Agtr2,I/O,"angiotensin II receptor, type 2",
Aplnr,I/O,apelin receptor,
Avpr1a,Q/11,Arginine vasopressin receptor 1A,
Avpr1b,Q/11,Arginine vasopressin receptor 1B,
Avpr2,S,arginine vasopressin receptor 2,
Bdkrb1,I/O,"bradykinin receptor, beta 1",
Bdkrb2,S,"bradykinin receptor, beta 2",
Calcr,S,calcitonin receptor,
Casr,I/O,calcium-sensing receptor,
Cckar,Q/11,Cholecystokinin A receptor,
Cckbr,Q/11,Cholecystokinin B receptor,
Chrm1,Q/11,M1 muscarinic Ach receptor,
Chrm2,I/O,"cholinergic receptor, muscarinic 2, cardiac",
Chrm3,Q/11,M3 muscarinic Ach receptor,
Chrm4,I/O,"cholinergic receptor, muscarinic 4",
Chrm5,Q/11,M5 muscarinic Ach receptor,
Cnr1,I/O,cannabinoid receptor 1,
Cnr2,I/O,cannabinoid receptor 2,
Crhr1,S,corticotropin releasing hormone receptor 1,
Crhr2,S,corticotropin releasing hormone receptor 2,
Drd1,S,dopamine receptor D1,
Drd2,I/O,dopamine receptor D2,
Drd3,I/O,dopamine receptor D3,
Drd4,I/O,dopamine receptor D4,
Drd5,S,dopamine receptor D5,
Ednra,Q/11,Endothelin receptor type A,
Ednrb,S,Endothelin receptor type B,
Ffar3,I/O,free fatty acid receptor 3,
Fpr1,I/O,formyl peptide receptor 1,
Fpr2,I/O,formyl peptide receptor 2,
Fpr3,I/O,formyl peptide receptor 3,
Fshr,S,follicle stimulating hormone receptor,
Fzd2,I/O,frizzled class receptor 2,
Fzd3,S,frizzled class receptor 3,
Fzd6,I/O,frizzled class receptor 6,
Fzd7,S,frizzled class receptor 7,
Fzd9,I/O,frizzled class receptor 9,
Gabbr1,I/O,gamma-aminobutyric acid type B receptor subunit 1,
Gabbr2,I/O,gamma-aminobutyric acid type B receptor subunit 2,
Galr1,I/O,galanin receptor 1,
Galr3,I/O,galanin receptor 3,
Gcgr,S,glucagon receptor,
Ghrhr,S,growth hormone releasing hormone receptor,
Gipr,S,gastric inhibitory polypeptide receptor,
Glp1r,S,glucagon-like peptide 1 receptor,
Glp2r,S,glucagon-like peptide 2 receptor,
Gnrhr,Q/11,Gonadotropin releasing hormone receptor,
Gpbar1,S,G protein-coupled bile acid receptor 1,
Gper1,I/O,G protein-coupled estrogen receptor 1,
Gpr101,S,G protein-coupled receptor 101,
Gpr119,S,G-protein coupled receptor 119,
Gpr12,S,G-protein coupled receptor 12,
Gpr17,I/O,G protein-coupled receptor 17,
Gpr173,Q/11,Cholecystokinin C receptor,
Gpr18,I/O,G protein-coupled receptor 18,
Gpr183,I/O,G protein-coupled receptor 183,
Gpr20,I/O,G protein-coupled receptor 20,
Gpr22,I/O,G protein-coupled receptor 22,
Gpr26,S,G protein-coupled receptor 26,
Gpr3,S,G-protein coupled receptor 3,
Gpr33,I/O,G protein-coupled receptor 33,
Gpr34,I/O,G protein-coupled receptor 34,
Gpr37,I/O,G protein-coupled receptor 37,
Gpr37l1,I/O,G protein-coupled receptor 37-like 1,
Gpr4,S,G protein-coupled receptor 4,
Gpr6,S,G protein-coupled receptor 6,
Gpr65,S,G-protein coupled receptor 65,
Gpr68,I/O,G protein-coupled receptor 68,
Gpr84,I/O,G protein-coupled receptor 84,
Grm1,Q/11,Metabotropic glutamate receptor 1,
Grm2,I/O,"glutamate receptor, metabotropic 2",
Grm3,I/O,"glutamate receptor, metabotropic 3",
Grm4,I/O,"glutamate receptor, metabotropic 4",
Grm5,Q/11,Metabotropic glutamate receptor 5,
Grm6,I/O,"glutamate receptor, metabotropic 6",
Grm7,I/O,"glutamate receptor, metabotropic 7",
Grm8,I/O,"glutamate receptor, metabotropic 8",
Grpr,Q/11,Gastrin releasing peptide receptor,
Hcar1,I/O,hydrocarboxylic acid receptor 1,
Hcar2,I/O,hydroxycarboxylic acid receptor 2,
Hcrtr1,S,hypocretin (orexin) receptor 1,
Hcrtr2,S,hypocretin (orexin) receptor 2,
Hrh1,Q/11,Histamine receptor H1,
Hrh3,I/O,histamine receptor H3,
Hrh4,I/O,histamine receptor H4,
Htr1a,I/O,5-hydroxytryptamine (serotonin) receptor 1A,
Htr1b,I/O,5-hydroxytryptamine (serotonin) receptor 1B,
Htr1d,I/O,5-hydroxytryptamine (serotonin) receptor 1D,
Htr1f,I/O,5-hydroxytryptamine (serotonin) receptor 1F,
Htr2a,Q/11,5-hydroxytryptamine receptor 2A,
Htr2b,Q/11,5-hydroxytryptamine receptor 2B,
Htr2c,Q/11,5-hydroxytryptamine receptor 2C,
Htr4,S,5 hydroxytryptamine (serotonin) receptor 4,
Htr5a,I/O,5-hydroxytryptamine (serotonin) receptor 5A,
Htr5b,I/O,5-hydroxytryptamine (serotonin) receptor 5B,
Htr6,S,5-hydroxytryptamine (serotonin) receptor 6,
Htr7,S,5-hydroxytryptamine (serotonin) receptor 7,
Lhcgr,S,luteinizing hormone/choriogonadotropin receptor,
Lpar1,I/O,lysophosphatidic acid receptor 1,
Lpar2,I/O,lysophosphatidic acid receptor 2,
Lpar3,I/O,lysophosphatidic acid receptor 3,
Lpar4,S,lysophosphatidic acid receptor 4,
Lpar6,S,lysophosphatidic acid receptor 6,
Mc1r,S,melanocortin 1 receptor,
Mc2r,S,melanocortin 2 receptor,
Mc3r,S,melanocortin 3 receptor,
Mc4r,S,melanocortin 4 receptor,
Mc5r,S,melanocortin 5 receptor,
Mchr1,S,melanin-concentrating hormone receptor 1,
Mrgprd,I/O,"MAS-related GPR, member D",
Mtnr1a,I/O,melatonin receptor 1A,
Mtnr1b,I/O,melatonin receptor 1B,
Nmbr,Q/11,Neuromedin b receptor,
Npbwr1,I/O,neuropeptides B/W receptor 1,
Npffr1,I/O,neuropeptide FF receptor 1,
Npffr2,I/O,neuropeptide FF receptor 2,
Npy1r,I/O,neuropeptide Y receptor Y1,
Npy2r,I/O,neuropeptide Y receptor Y2,
Npy4r,I/O,neuropeptide Y receptor Y4,
Npy5r,I/O,neuropeptide Y receptor Y5,
Ntsr1,Q/11,Neurotensin receptor 1,
Ntsr2,Q/11,Neurotensin receptor 2,
Opn4,I/O,opsin 4 (melanopsin),
Opn5,I/O,opsin 5,
Oprd1,I/O,"opioid receptor, delta 1",
Oprk1,I/O,"opioid receptor, kappa 1",
Oprl1,I/O,opioid receptor-like 1,
Oprm1,I/O,"opioid receptor, mu 1",
Oxtr,Q/11,Oxytocin receptor,
P2ry1,Q/11,"Purinergic receptor P2Y, G-protein coupled, 1",
P2ry10,U,"purinergic receptor P2Y, G-protein coupled 10",
P2ry12,I/O,"purinergic receptor P2Y, G-protein coupled 12",
P2ry13,I/O,"purinergic receptor P2Y, G-protein coupled 13",
P2ry14,I/O,"purinergic receptor P2Y, G-protein coupled, 14",
P2ry2,Q/11,"Purinergic receptor P2Y, G-protein coupled, 2",
P2ry4,Q/11,"Purinergic receptor P2Y, G-protein coupled, 4",
P2ry6,Q/11,"Purinergic receptor P2Y, G-protein coupled, 6",
Ptafr,I/O,platelet-activating factor receptor,
Ptgdr,S,prostaglandin D receptor,
Ptgdr2,I/O,prostaglandin D2 receptor 2,
Ptger2,S,prostaglandin E receptor 2 (subtype EP2),
Ptger3,I/O,prostaglandin E receptor 3 (subtype EP3),
Ptger4,S,prostaglandin E receptor 4 (subtype EP4),
Ptgir,S,prostaglandin I receptor (IP),
Pth1r,S,Parathyroid hormone 1 receptor,
Qrfpr,I/O,pyroglutamylated RFamide peptide receptor,
Rxfp1,S,relaxin/insulin-like family peptide receptor 1,
Rxfp2,S,relaxin/insulin-like family peptide receptor 2,
Rxfp3,I/O,relaxin family peptide receptor 3,
Rxfp4,I/O,relaxin family peptide receptor 4,
S1pr1,I/O,sphingosine-1-phosphate receptor 1,
S1pr2,S,Sphingosine-1-phosphate receptor 2,
S1pr3,I/O,sphingosine-1-phosphate receptor 3,
S1pr4,I/O,sphingosine-1-phosphate receptor 4,
S1pr5,I/O,sphingosine-1-phosphate receptor 5,
Sctr,S,secretin receptor,
Smo,I/O,"smoothened, frizzled class receptor",
Sstr1,I/O,somatostatin receptor 1,
Sstr2,I/O,somatostatin receptor 2,
Sstr3,I/O,somatostatin receptor 3,
Sstr4,I/O,somatostatin receptor 4,
Sstr5,I/O,somatostatin receptor 5,
Sucnr1,I/O,succinate receptor 1,
Taar1,S,trace amine-associated receptor 1,
Taar3,U,trace amine-associated receptor 3,
Taar4,U,trace amine-associated receptor 4,
Tacr1,S,tachykinin receptor 1,
Tacr2,S,tachykinin receptor 2,
Trhr,Q/11,Thyrotropin releasing hormone receptor,
Trhr2,Q/12,Thyrotropin releasing hormone receptor 2,
Tshr,S,thyroid stimulating hormone receptor,
Vipr1,S,vasoactive intestinal peptide receptor 1,
Vipr2,S,vasoactive intestinal peptide receptor 2,
Xcr1,I/O,chemokine (C motif) receptor 1,