Symbol,Label,Ga class,%>1 cpm,Mean,,,,
Cck,cholecystokinin,Q,93%,1246,,,,
Grp,gastrin releasing peptide,Q,45%,32,,,,
Nmb,neuromedin B,Q,26%,11,,,,
Pthlh,parathyroid hormone-like peptide,Q,23%,9.7,,,,
Ghrl,ghrelin,Q,29%,0.59,,,,
Vip,vasoactive intestinal polypeptide,S,43%,271,,,,
Adcyap1,adenylate cyclase activating polypeptide 1,S,53%,104,,,,
Crh,corticotropin releasing hormone,S,23%,45,,,,
Calca,"calcitonin/calcitonin-related polypeptide, alpha",S,28%,19,,,,
Adm,adrenomedullin,S,12%,2.9,,,,
Penk,preproenkephalin,I,42%,892,,,,
Npy,neuropeptide Y,I,54%,551,,,,
Sst,somatostatin,I,33%,415,,,,
Pdyn,prodynorphin,I,20%,213,,,,
Cort,cortistatin,I,36%,64,,,,
Pnoc,prepronociceptin,I,28%,60,,,,
Agt,angiotensinogen,I,15%,2.2,,,,
Tac1,tachykinin 1,M,14%,634,,,,
Tac2,tachykinin 2,M,24%,36,,,,
Pomc,pro-opiomelanocortin-alpha,M,43%,20,,,,