Symbol,Label,Ga class,Top 20 from Y21Ss_neur_61NPPs_by_frac>10,,,,,
Cck,cholecystokinin,Q,,,,,,
Grp,gastrin releasing peptide,Q,,,,,,
Pthlh,parathyroid hormone-like peptide,Q,,,,,,
Nmb,neuromedin B,Q,,,,,,
Ghrl,ghrelin,Q,,,,,,
Adcyap1,adenylate cyclase activating polypeptide 1,S,,,,,,
Vip,vasoactive intestinal polypeptide,S,,,,,,
Crh,corticotropin releasing hormone,S,,,,,,
Adm,adrenomedullin,S,,,,,,
Calca,"calcitonin/calcitonin-related polypeptide, alpha",S,,,,,,`
Penk,preproenkephalin,I,,,,,,
Npy,neuropeptide Y,I,,,,,,
Cort,cortistatin,I,,,,,,
Pnoc,prepronociceptin,I,,,,,,
Sst,somatostatin,I,,,,,,
Pdyn,prodynorphin,I,,,,,,
Agt,angiotensinogen,I,,,,,,
Pomc,pro-opiomelanocortin-alpha,M,,,,,,
Tac2,tachykinin 2,M,,,,,,
Tac1,tachykinin 1,M,,,,,,