Symbol,Label,pcGa,Top 30 from Y23_neur_61NPPs_regions_mean_mean_11279
Cck,cholecystokinin,Q,
Nts,neurotensin,Q,
Grp,gastrin releasing peptide,Q,
Nmb,neuromedin B,Q,
Pthlh,parathyroid hormone-like peptide,Q,
Gnrh1,gonadotropin releasing hormone 1,Q,
Trh,thyrotropin releasing hormone,Q,
Vip,vasoactive intestinal polypeptide,S,
Adcyap1,adenylate cyclase activating polypeptide 1,S,
Crh,corticotropin releasing hormone,S,
Agrp,agouti related neuropeptide,S,
Pmch,pro-melanin-concentrating hormone,S,
Calca,"calcitonin/calcitonin-related polypeptide, alpha",S,
Hcrt,hypocretin,S,
Edn1,endothelin 1,S,
Ucn3,urocortin 3,S,
Adm,adrenomedullin,S,
Sst,somatostatin,I,
Penk,preproenkephalin,I,
Npy,neuropeptide Y,I,
Pdyn,prodynorphin,I,
Pnoc,prepronociceptin,I,
Cort,cortistatin,I,
Npff,neuropeptide FF-amide peptide precursor,I,
Tac1,tachykinin 1,M,
Tac2,tachykinin 2,M,
Avp,arginine vasopressin,M,
Pomc,pro-opiomelanocortin-alpha,M,
Oxt,oxytocin,M,
Gal,galanin and GMAP prepropeptide,M,