Symbol,Label,Dupe
Ednrb,endothelin receptor type B,TRUE
Mtnr1a,Melatonin receptor 1a,TRUE
Mtnr1b,Melatonin receptor 1b,TRUE
Pth1r,parathyroid hormone 1 receptor,TRUE
S1pr1,Sphingosine-1-phosphate receptor 1,TRUE
S1pr2,sphingosine-1-phosphate receptor 2,TRUE
S1pr3,Sphingosine-1-phosphate receptor 3,TRUE
Adcyap1r1,adenylate cyclase activating peptide 1 receptor 1,FALSE
Adora1,adenosine A1 receptor,FALSE
Adora2a,adenosine A2a receptor,FALSE
Adora2b,adenosine A2b receptor,FALSE
Adora3,adenosine A3 receptor,FALSE
Adra1a,Adrenoceptor alpha 1A,FALSE
Adra1b,Adrenoceptor alpha 1B,FALSE
Adra1d,Adrenoceptor alpha 1D,FALSE
Adra2a,"adrenergic receptor, alpha 2a",FALSE
Adra2b,"adrenergic receptor, alpha 2b",FALSE
Adra2c,"adrenergic receptor, alpha 2c",FALSE
Adrb1,"adrenergic receptor, beta 1",FALSE
Adrb2,"adrenergic receptor, beta 2",FALSE
Adrb3,"adrenergic receptor, beta 3",FALSE
Agtr1a,"angiotensin II receptor, type 1a",FALSE
Agtr1b,"angiotensin II receptor, type 1b",FALSE
Agtr2,"angiotensin II receptor, type 2",FALSE
Aplnr,apelin receptor,FALSE
Avpr1a,Arginine vasopressin receptor 1A,FALSE
Avpr1b,Arginine vasopressin receptor 1B,FALSE
Avpr2,arginine vasopressin receptor 2,FALSE
Bdkrb1,"bradykinin receptor, beta 1",FALSE
Bdkrb2,"bradykinin receptor, beta 2",FALSE
Calcr,calcitonin receptor,FALSE
Casr,calcium-sensing receptor,FALSE
Cckar,Cholecystokinin A receptor,FALSE
Cckbr,Cholecystokinin B receptor,FALSE
Chrm1,M1 muscarinic Ach receptor,FALSE
Chrm2,"cholinergic receptor, muscarinic 2, cardiac",FALSE
Chrm3,M3 muscarinic Ach receptor,FALSE
Chrm4,"cholinergic receptor, muscarinic 4",FALSE
Chrm5,M5 muscarinic Ach receptor,FALSE
Cnr1,cannabinoid receptor 1,FALSE
Cnr2,cannabinoid receptor 2,FALSE
Crhr1,corticotropin releasing hormone receptor 1,FALSE
Crhr2,corticotropin releasing hormone receptor 2,FALSE
Drd1,dopamine receptor D1,FALSE
Drd2,dopamine receptor D2,FALSE
Drd3,dopamine receptor D3,FALSE
Drd4,dopamine receptor D4,FALSE
Drd5,dopamine receptor D5,FALSE
Ednra,Endothelin receptor type A,FALSE
Ednrb,Endothelin receptor type B,FALSE
Ffar3,free fatty acid receptor 3,FALSE
Fpr1,formyl peptide receptor 1,FALSE
Fpr2,formyl peptide receptor 2,FALSE
Fpr3,formyl peptide receptor 3,FALSE
Fshr,follicle stimulating hormone receptor,FALSE
Fzd2,frizzled class receptor 2,FALSE
Fzd3,frizzled class receptor 3,FALSE
Fzd6,frizzled class receptor 6,FALSE
Fzd7,frizzled class receptor 7,FALSE
Fzd9,frizzled class receptor 9,FALSE
Gabbr1,gamma-aminobutyric acid type B receptor subunit 1,FALSE
Gabbr2,gamma-aminobutyric acid type B receptor subunit 2,FALSE
Galr1,galanin receptor 1,FALSE
Galr3,galanin receptor 3,FALSE
Gcgr,glucagon receptor,FALSE
Ghrhr,growth hormone releasing hormone receptor,FALSE
Gipr,gastric inhibitory polypeptide receptor,FALSE
Glp1r,glucagon-like peptide 1 receptor,FALSE
Glp2r,glucagon-like peptide 2 receptor,FALSE
Gnrhr,Gonadotropin releasing hormone receptor,FALSE
Gpbar1,G protein-coupled bile acid receptor 1,FALSE
Gper1,G protein-coupled estrogen receptor 1,FALSE
Gpr101,G protein-coupled receptor 101,FALSE
Gpr119,G-protein coupled receptor 119,FALSE
Gpr12,G-protein coupled receptor 12,FALSE
Gpr17,G protein-coupled receptor 17,FALSE
Gpr173,Cholecystokinin C receptor,FALSE
Gpr18,G protein-coupled receptor 18,FALSE
Gpr183,G protein-coupled receptor 183,FALSE
Gpr20,G protein-coupled receptor 20,FALSE
Gpr22,G protein-coupled receptor 22,FALSE
Gpr26,G protein-coupled receptor 26,FALSE
Gpr3,G-protein coupled receptor 3,FALSE
Gpr33,G protein-coupled receptor 33,FALSE
Gpr34,G protein-coupled receptor 34,FALSE
Gpr37,G protein-coupled receptor 37,FALSE
Gpr37l1,G protein-coupled receptor 37-like 1,FALSE
Gpr4,G protein-coupled receptor 4,FALSE
Gpr6,G protein-coupled receptor 6,FALSE
Gpr65,G-protein coupled receptor 65,FALSE
Gpr68,G protein-coupled receptor 68,FALSE
Gpr84,G protein-coupled receptor 84,FALSE
Grm1,Metabotropic glutamate receptor 1,FALSE
Grm2,"glutamate receptor, metabotropic 2",FALSE
Grm3,"glutamate receptor, metabotropic 3",FALSE
Grm4,"glutamate receptor, metabotropic 4",FALSE
Grm5,Metabotropic glutamate receptor 5,FALSE
Grm6,"glutamate receptor, metabotropic 6",FALSE
Grm7,"glutamate receptor, metabotropic 7",FALSE
Grm8,"glutamate receptor, metabotropic 8",FALSE
Grpr,Gastrin releasing peptide receptor,FALSE
Hcar1,hydrocarboxylic acid receptor 1,FALSE
Hcar2,hydroxycarboxylic acid receptor 2,FALSE
Hcrtr1,hypocretin (orexin) receptor 1,FALSE
Hcrtr2,hypocretin (orexin) receptor 2,FALSE
Hrh1,Histamine receptor H1,FALSE
Hrh3,histamine receptor H3,FALSE
Hrh4,histamine receptor H4,FALSE
Htr1a,5-hydroxytryptamine (serotonin) receptor 1A,FALSE
Htr1b,5-hydroxytryptamine (serotonin) receptor 1B,FALSE
Htr1d,5-hydroxytryptamine (serotonin) receptor 1D,FALSE
Htr1f,5-hydroxytryptamine (serotonin) receptor 1F,FALSE
Htr2a,5-hydroxytryptamine receptor 2A,FALSE
Htr2b,5-hydroxytryptamine receptor 2B,FALSE
Htr2c,5-hydroxytryptamine receptor 2C,FALSE
Htr4,5 hydroxytryptamine (serotonin) receptor 4,FALSE
Htr5a,5-hydroxytryptamine (serotonin) receptor 5A,FALSE
Htr5b,5-hydroxytryptamine (serotonin) receptor 5B,FALSE
Htr6,5-hydroxytryptamine (serotonin) receptor 6,FALSE
Htr7,5-hydroxytryptamine (serotonin) receptor 7,FALSE
Lhcgr,luteinizing hormone/choriogonadotropin receptor,FALSE
Lpar1,lysophosphatidic acid receptor 1,FALSE
Lpar2,lysophosphatidic acid receptor 2,FALSE
Lpar3,lysophosphatidic acid receptor 3,FALSE
Lpar4,lysophosphatidic acid receptor 4,FALSE
Lpar6,lysophosphatidic acid receptor 6,FALSE
Mc1r,melanocortin 1 receptor,FALSE
Mc2r,melanocortin 2 receptor,FALSE
Mc3r,melanocortin 3 receptor,FALSE
Mc4r,melanocortin 4 receptor,FALSE
Mc5r,melanocortin 5 receptor,FALSE
Mchr1,melanin-concentrating hormone receptor 1,FALSE
Mrgprd,"MAS-related GPR, member D",FALSE
Mtnr1a,melatonin receptor 1A,FALSE
Mtnr1b,melatonin receptor 1B,FALSE
Nmbr,Neuromedin b receptor,FALSE
Npbwr1,neuropeptides B/W receptor 1,FALSE
Npffr1,neuropeptide FF receptor 1,FALSE
Npffr2,neuropeptide FF receptor 2,FALSE
Npy1r,neuropeptide Y receptor Y1,FALSE
Npy2r,neuropeptide Y receptor Y2,FALSE
Npy4r,neuropeptide Y receptor Y4,FALSE
Npy5r,neuropeptide Y receptor Y5,FALSE
Ntsr1,Neurotensin receptor 1,FALSE
Ntsr2,Neurotensin receptor 2,FALSE
Opn4,opsin 4 (melanopsin),FALSE
Opn5,opsin 5,FALSE
Oprd1,"opioid receptor, delta 1",FALSE
Oprk1,"opioid receptor, kappa 1",FALSE
Oprl1,opioid receptor-like 1,FALSE
Oprm1,"opioid receptor, mu 1",FALSE
Oxtr,Oxytocin receptor,FALSE
P2ry1,"Purinergic receptor P2Y, G-protein coupled, 1",FALSE
P2ry10,"purinergic receptor P2Y, G-protein coupled 10",FALSE
P2ry12,"purinergic receptor P2Y, G-protein coupled 12",FALSE
P2ry13,"purinergic receptor P2Y, G-protein coupled 13",FALSE
P2ry14,"purinergic receptor P2Y, G-protein coupled, 14",FALSE
P2ry2,"Purinergic receptor P2Y, G-protein coupled, 2",FALSE
P2ry4,"Purinergic receptor P2Y, G-protein coupled, 4",FALSE
P2ry6,"Purinergic receptor P2Y, G-protein coupled, 6",FALSE
Ptafr,platelet-activating factor receptor,FALSE
Ptgdr,prostaglandin D receptor,FALSE
Ptgdr2,prostaglandin D2 receptor 2,FALSE
Ptger2,prostaglandin E receptor 2 (subtype EP2),FALSE
Ptger3,prostaglandin E receptor 3 (subtype EP3),FALSE
Ptger4,prostaglandin E receptor 4 (subtype EP4),FALSE
Ptgir,prostaglandin I receptor (IP),FALSE
Pth1r,Parathyroid hormone 1 receptor,FALSE
Qrfpr,pyroglutamylated RFamide peptide receptor,FALSE
Rxfp1,relaxin/insulin-like family peptide receptor 1,FALSE
Rxfp2,relaxin/insulin-like family peptide receptor 2,FALSE
Rxfp3,relaxin family peptide receptor 3,FALSE
Rxfp4,relaxin family peptide receptor 4,FALSE
S1pr1,sphingosine-1-phosphate receptor 1,FALSE
S1pr2,Sphingosine-1-phosphate receptor 2,FALSE
S1pr3,sphingosine-1-phosphate receptor 3,FALSE
S1pr4,sphingosine-1-phosphate receptor 4,FALSE
S1pr5,sphingosine-1-phosphate receptor 5,FALSE
Sctr,secretin receptor,FALSE
Smo,"smoothened, frizzled class receptor",FALSE
Sstr1,somatostatin receptor 1,FALSE
Sstr2,somatostatin receptor 2,FALSE
Sstr3,somatostatin receptor 3,FALSE
Sstr4,somatostatin receptor 4,FALSE
Sstr5,somatostatin receptor 5,FALSE
Sucnr1,succinate receptor 1,FALSE
Taar1,trace amine-associated receptor 1,FALSE
Taar3,trace amine-associated receptor 3,FALSE
Taar4,trace amine-associated receptor 4,FALSE
Tacr1,tachykinin receptor 1,FALSE
Tacr2,tachykinin receptor 2,FALSE
Trhr,Thyrotropin releasing hormone receptor,FALSE
Trhr2,Thyrotropin releasing hormone receptor 2,FALSE
Tshr,thyroid stimulating hormone receptor,FALSE
Vipr1,vasoactive intestinal peptide receptor 1,FALSE
Vipr2,vasoactive intestinal peptide receptor 2,FALSE
Xcr1,chemokine (C motif) receptor 1,FALSE