Symbol,Label
Adcy1,adenylate cyclase 1
Adcy2,adenylate cyclase 2
Adcy3,adenylate cyclase 3
Adcy4,adenylate cyclase 4
Adcy5,adenylate cyclase 5
Adcy6,adenylate cyclase 6
Adcy7,adenylate cyclase 7
Adcy8,adenylate cyclase 8
Adcy9,adenylate cyclase 9
Adcy10,adenylate cyclase 10
Comt,catechol-O-methyltransferase
Chat,choline acetyltransferase
Cyp2d10,cP450-2-D-10
Cyp2d11,cP450-2-D-11
Cyp2d12,cP450-2-D-12
Cyp2d22,cP450-2-D-22
Cyp2d26,cP450-2-D-26
Cyp2d34,cP450-2-D-34
Cyp2d40,cP450-2-D-40
Cyp2d9,cP450-2-D-9
Ddc,dopa decarboxylase
Dbh,dopamine beta hydroxylase
Slc6a3,dopamine transporter
Slc6a1,GABA transporter 1
Slc6a11,GABA transporter 11
Slc6a13,GABA transporter 13
Gad1,glutamate decarboxylase 1
Slc1a1,glutamate transporter 1
Slc1a2,glutamate transporter 2
Slc1a3,glutamate transporter 3
Slc1a6,glutamate transporter 6
Slc1a7,glutamate transporter 7
Gad2,glutamic acid decarboxylase 2
Slc6a5,glycine transporter 5
Slc6a9,glycine transporter 9
Slc6a2,noradrenalin transporter
Slc29a1,nucleoside transporter 1
Slc29a2,nucleoside transporter 2
Slc29a3,nucleoside transporter 3
Slc29a4,nucleoside transporter 4
Pah,phenylalanine hydroxylase
Pnmt,phenylethanolamine-N-methyltransferase
Slc6a4,serotonin transporter
Tph1,tryptophan hydroxylase 1
Tph2,tryptophan hydroxylase 2
Th,tyrosine hydroxylase
Slc32a1,VGAT
Slc17a7,vGluT1
Slc17a6,vGluT2
Slc17a8,vGluT3
Slc18a1,VMAT1
Slc18a2,VMAT2
Slc18a3,VMAT3
Ackr1,atypical chemokine receptor 1 (Duffy blood group)
Ackr2,atypical chemokine receptor 2
Ackr3,atypical chemokine receptor 3
Ackr4,atypical chemokine receptor 4
Adcyap1,adenylate cyclase activating polypeptide 1
Adcyap1r1,adenylate cyclase activating peptide 1 receptor 1
Adipoq,"adiponectin, C1Q and collagen domain containing"
Adm,adrenomedullin
Adm2,adrenomedullin 2
Adora1,adenosine A1 receptor
Adora2a,adenosine A2a receptor
Adora2b,adenosine A2b receptor
Adora3,adenosine A3 receptor
Adra1a,"adrenergic receptor, alpha 1a"
Adra1b,"adrenergic receptor, alpha 1b"
Adra1d,"adrenergic receptor, alpha 1d"
Adra2a,"adrenergic receptor, alpha 2a"
Adra2b,"adrenergic receptor, alpha 2b"
Adra2c,"adrenergic receptor, alpha 2c"
Adrb1,"adrenergic receptor, beta 1"
Adrb2,"adrenergic receptor, beta 2"
Adrb3,"adrenergic receptor, beta 3"
Agrp,agouti related neuropeptide
Agt,angiotensinogen
Agtr1a,"angiotensin II receptor, type 1a"
Agtr1b,"angiotensin II receptor, type 1b"
Agtr2,"angiotensin II receptor, type 2"
Apln,apelin
Aplnr,apelin receptor
Arc,activity regulated cytoskeletal-associated protein
Arrb1,"arrestin, beta 1"
Arrb2,"arrestin, beta 2"
Avp,arginine vasopressin
Avpr1a,arginine vasopressin receptor 1A
Avpr1b,arginine vasopressin receptor 1B
Avpr2,arginine vasopressin receptor 2
Bdkrb1,"bradykinin receptor, beta 1"
Bdkrb2,"bradykinin receptor, beta 2"
Bdnf,brain derived neurotrophic factor
Brs3,bombesin-like receptor 3
C3ar1,complement component 3a receptor 1
C5ar1,complement component 5a receptor 1
C5ar2,complement component 5a receptor 2
Cacna1a,"calcium channel, voltage-dependent, P/Q type, alpha 1A subunit"
Cacna1b,"calcium channel, voltage-dependent, N type, alpha 1B subunit"
Cacna1c,"calcium channel, voltage-dependent, L type, alpha 1C subunit"
Cacna1d,"calcium channel, voltage-dependent, L type, alpha 1D subunit"
Cacna1e,"calcium channel, voltage-dependent, R type, alpha 1E subunit"
Cacna1f,"calcium channel, voltage-dependent, alpha 1F subunit"
Cacna1g,"calcium channel, voltage-dependent, T type, alpha 1G subunit"
Cacna1h,"calcium channel, voltage-dependent, T type, alpha 1H subunit"
Cacna1i,"calcium channel, voltage-dependent, alpha 1I subunit"
Cacna1s,"calcium channel, voltage-dependent, L type, alpha 1S subunit"
Cacna2d1,"calcium channel, voltage-dependent, alpha2/delta subunit 1"
Cacna2d2,"calcium channel, voltage-dependent, alpha 2/delta subunit 2"
Cacna2d3,"calcium channel, voltage-dependent, alpha2/delta subunit 3"
Cacna2d4,"calcium channel, voltage-dependent, alpha 2/delta subunit 4"
Cacnb1,"calcium channel, voltage-dependent, beta 1 subunit"
Cacnb2,"calcium channel, voltage-dependent, beta 2 subunit"
Cacnb3,"calcium channel, voltage-dependent, beta 3 subunit"
Cacnb4,"calcium channel, voltage-dependent, beta 4 subunit"
Cacng1,"calcium channel, voltage-dependent, gamma subunit 1"
Cacng2,"calcium channel, voltage-dependent, gamma subunit 2"
Cacng3,"calcium channel, voltage-dependent, gamma subunit 3"
Cacng4,"calcium channel, voltage-dependent, gamma subunit 4"
Cacng5,"calcium channel, voltage-dependent, gamma subunit 5"
Cacng6,"calcium channel, voltage-dependent, gamma subunit 6"
Cacng7,"calcium channel, voltage-dependent, gamma subunit 7"
Cacng8,"calcium channel, voltage-dependent, gamma subunit 8"
Calca,"calcitonin/calcitonin-related polypeptide, alpha"
Calcb,"calcitonin-related polypeptide, beta"
Calcr,calcitonin receptor
Calcrl,calcitonin receptor-like
Calm1,calmodulin 1
Calm2,calmodulin 2
Calm3,calmodulin 3
Camk1,calcium/calmodulin-dependent protein kinase I
Camk1d,calcium/calmodulin-dependent protein kinase ID
Camk1g,calcium/calmodulin-dependent protein kinase I gamma
Camk2a,calcium/calmodulin-dependent protein kinase II alpha
Camk2b,"calcium/calmodulin-dependent protein kinase II, beta"
Camk2d,"calcium/calmodulin-dependent protein kinase II, delta"
Camk2g,calcium/calmodulin-dependent protein kinase II gamma
Camk4,calcium/calmodulin-dependent protein kinase IV
Camkk1,"calcium/calmodulin-dependent protein kinase kinase 1, alpha"
Camkk2,"calcium/calmodulin-dependent protein kinase kinase 2, beta"
Camkv,CaM kinase-like vesicle-associated
Cartpt,CART prepropeptide
Casr,calcium-sensing receptor
Cbln1,cerebellin 1 precursor protein
Cbln2,cerebellin 2 precursor protein
Cbln3,cerebellin 3 precursor protein
Cbln4,cerebellin 4 precursor protein
Cck,cholecystokinin
Cckar,cholecystokinin A receptor
Cckbr,cholecystokinin B receptor
Ccr1,C-C motif chemokine receptor 1
Ccr10,C-C motif chemokine receptor 10
Ccr2,C-C motif chemokine receptor 2
Ccr3,C-C motif chemokine receptor 3
Ccr4,C-C motif chemokine receptor 4
Ccr5,C-C motif chemokine receptor 5
Ccr6,C-C motif chemokine receptor 6
Ccr7,C-C motif chemokine receptor 7
Ccr8,C-C motif chemokine receptor 8
Ccr9,C-C motif chemokine receptor 9
Ccrl2,C-C motif chemokine receptor-like 2
Celsr1,"cadherin, EGF LAG seven-pass G-type receptor 1"
Celsr2,"cadherin, EGF LAG seven-pass G-type receptor 2"
Celsr3,"cadherin, EGF LAG seven-pass G-type receptor 3"
Chga,chromogranin A
Chgb,chromogranin B
Chrm1,"cholinergic receptor, muscarinic 1, CNS"
Chrm2,"cholinergic receptor, muscarinic 2, cardiac"
Chrm3,"cholinergic receptor, muscarinic 3, cardiac"
Chrm4,"cholinergic receptor, muscarinic 4"
Chrm5,"cholinergic receptor, muscarinic 5"
Chrna2,cholinergic receptor nicotinic alpha 2 subunit
Chrna3,"cholinergic receptor, nicotinic, alpha polypeptide 3"
Chrna4,"cholinergic receptor, nicotinic, alpha polypeptide 4"
Chrna5,"cholinergic receptor, nicotinic, alpha polypeptide 5"
Chrna7,"cholinergic receptor, nicotinic, alpha polypeptide 7"
Chrnb2,cholinergic receptor nicotinic beta 2 subunit
Chrnb3,"cholinergic receptor, nicotinic, beta polypeptide 3"
Cmklr1,chemerin chemokine-like receptor 1
Cnga1,cyclic nucleotide gated channel alpha 1
Cnga2,cyclic nucleotide gated channel alpha 2
Cnga3,cyclic nucleotide gated channel alpha 3
Cnga4,cyclic nucleotide gated channel alpha 4
Cngb1,cyclic nucleotide gated channel beta 1
Cngb3,cyclic nucleotide gated channel beta 3
Cnr1,cannabinoid receptor 1
Cnr2,cannabinoid receptor 2
Cort,cortistatin
Creb1,cAMP responsive element binding protein 1
Creb3,cAMP responsive element binding protein 3
Crh,corticotropin releasing hormone
Crhr1,corticotropin releasing hormone receptor 1
Crhr2,corticotropin releasing hormone receptor 2
Csk,c-src tyrosine kinase
Cx3cr1,C-X3-C motif chemokine receptor 1
Cxcr1,C-X-C motif chemokine receptor 1
Cxcr2,C-X-C motif chemokine receptor 2
Cxcr3,C-X-C motif chemokine receptor 3
Cxcr4,C-X-C motif chemokine receptor 4
Cxcr5,C-X-C motif chemokine receptor 5
Cxcr6,C-X-C motif chemokine receptor 6
Cysltr1,cysteinyl leukotriene receptor 1
Cysltr2,cysteinyl leukotriene receptor 2
Dbi,diazepam binding inhibitor
Drd1,dopamine receptor D1
Drd2,dopamine receptor D2
Drd3,dopamine receptor D3
Drd4,dopamine receptor D4
Drd5,dopamine receptor D5
Edn1,endothelin 1
Edn2,endothelin 2
Edn3,endothelin 3
Ednra,endothelin receptor type A
Ednrb,endothelin receptor type B
Egr1,early growth response 1
Egr2,early growth response 2
Egr3,early growth response 3
Egr4,early growth response 4
F2r,coagulation factor II thrombin receptor
F2rl1,F2R like trypsin receptor 1
F2rl2,coagulation factor II thrombin receptor like 2
F2rl3,F2R like thrombin or trypsin receptor 3
Ffar1,free fatty acid receptor 1
Ffar2,free fatty acid receptor 2
Ffar3,free fatty acid receptor 3
Ffar4,free fatty acid receptor 4
Fos,FBJ osteosarcoma oncogene
Fosb,FBJ osteosarcoma oncogene B
Fpr1,formyl peptide receptor 1
Fpr2,formyl peptide receptor 2
Fpr3,formyl peptide receptor 3
Fshr,follicle stimulating hormone receptor
Fzd1,frizzled class receptor 1
Fzd10,frizzled class receptor 10
Fzd2,frizzled class receptor 2
Fzd3,frizzled class receptor 3
Fzd4,frizzled class receptor 4
Fzd5,frizzled class receptor 5
Fzd6,frizzled class receptor 6
Fzd7,frizzled class receptor 7
Fzd8,frizzled class receptor 8
Fzd9,frizzled class receptor 9
Gabbr1,gamma-aminobutyric acid type B receptor subunit 1
Gabbr2,gamma-aminobutyric acid type B receptor subunit 2
Gabra1,gamma-aminobutyric acid type A receptor subunit alpha 1
Gabra2,gamma-aminobutyric acid type A receptor subunit alpha 2
Gabra3,gamma-aminobutyric acid type A receptor subunit alpha 3
Gabra4,gamma-aminobutyric acid type A receptor subunit alpha 4
Gabra5,gamma-aminobutyric acid type A receptor subunit alpha 5
Gabrb1,gamma-aminobutyric acid type A receptor subunit beta 1
Gabrb2,gamma-aminobutyric acid type A receptor subunit beta 2
Gabrb3,"GABRB3, gamma-aminobutyric acid type A receptor subunit beta 3"
Gabrd,"gamma-aminobutyric acid (GABA) A receptor, subunit delta"
Gabrg1,gamma-aminobutyric acid type A receptor subunit gamma 1
Gabrg2,"gamma-aminobutyric acid type A receptor, subunit gamma 2"
Gabrg3,"gamma-aminobutyric acid type A receptor, subunit gamma 3"
Gabrq,gamma-aminobutyric acid type A receptor subunit theta
Gal,galanin and GMAP prepropeptide
Galp,galanin-like peptide
Galr1,galanin receptor 1
Galr2,galanin receptor 2
Galr3,galanin receptor 3
Gast,gastrin
Gcg,glucagon
Gcgr,glucagon receptor
Ghrh,growth hormone releasing hormone
Ghrhr,growth hormone releasing hormone receptor
Ghrl,ghrelin
Ghsr,growth hormone secretagogue receptor
Gip,gastric inhibitory polypeptide
Gipr,gastric inhibitory polypeptide receptor
Glp1r,glucagon-like peptide 1 receptor
Glp2r,glucagon-like peptide 2 receptor
Glra2,"glycine receptor, alpha 2 subunit"
Glra3,"glycine receptor, alpha 3 subunit"
Glrb,"glycine receptor, beta subunit"
Gna11,"guanine nucleotide binding protein, alpha 11"
Gna12,"guanine nucleotide binding protein, alpha 12"
Gna13,"guanine nucleotide binding protein, alpha 13"
Gna14,"guanine nucleotide binding protein, alpha 14"
Gna15,"guanine nucleotide binding protein, alpha 15"
Gnai1,G protein subunit alpha i1
Gnai2,G protein subunit alpha i2
Gnai3,G protein subunit alpha i3
Gnal,"guanine nucleotide binding protein, alpha stimulating, olfactory type"
Gnao1,"guanine nucleotide binding protein, alpha O"
Gnaq,"guanine nucleotide binding protein, alpha q polypeptide"
Gnas,GNAS complex locus
Gnb1,"guanine nucleotide binding protein (G protein), beta 1"
Gnb2,"guanine nucleotide binding protein (G protein), beta 2"
Gnb4,"guanine nucleotide binding protein (G protein), beta 4"
Gnb5,"guanine nucleotide binding protein (G protein), beta 5"
Gng10,"guanine nucleotide binding protein (G protein), gamma 10"
Gng11,"guanine nucleotide binding protein (G protein), gamma 11"
Gng12,"guanine nucleotide binding protein (G protein), gamma 12"
Gng2,"guanine nucleotide binding protein (G protein), gamma 2"
Gng3,"guanine nucleotide binding protein (G protein), gamma 3"
Gng4,"guanine nucleotide binding protein (G protein), gamma 4"
Gng7,"guanine nucleotide binding protein (G protein), gamma 7"
Gnrh1,gonadotropin releasing hormone 1
Gnrhr,gonadotropin releasing hormone receptor
Gpbar1,G protein-coupled bile acid receptor 1
Gper1,G protein-coupled estrogen receptor 1
Gpr101,G protein-coupled receptor 101
Gpr107,G protein-coupled receptor 107
Gpr119,G-protein coupled receptor 119
Gpr12,G-protein coupled receptor 12
Gpr132,G protein-coupled receptor 132
Gpr135,G protein-coupled receptor 135
Gpr137,G protein-coupled receptor 137
Gpr139,G protein-coupled receptor 139
Gpr141,G protein-coupled receptor 141
Gpr142,G protein-coupled receptor 142
Gpr143,G protein-coupled receptor 143
Gpr146,G protein-coupled receptor 146
Gpr149,G protein-coupled receptor 149
Gpr15,G protein-coupled receptor 15
Gpr150,G protein-coupled receptor 150
Gpr151,G protein-coupled receptor 151
Gpr152,G protein-coupled receptor 152
Gpr153,G protein-coupled receptor 153
Gpr156,G protein-coupled receptor 156
Gpr157,G protein-coupled receptor 157
Gpr158,G protein-coupled receptor 158
Gpr160,G protein-coupled receptor 160
Gpr161,G protein-coupled receptor 161
Gpr162,G protein-coupled receptor 162
Gpr17,G protein-coupled receptor 17
Gpr171,G protein-coupled receptor 171
Gpr173,G-protein coupled receptor 173
Gpr174,G protein-coupled receptor 174
Gpr176,G protein-coupled receptor 176
Gpr179,G protein-coupled receptor 179
Gpr18,G protein-coupled receptor 18
Gpr182,G protein-coupled receptor 182
Gpr183,G protein-coupled receptor 183
Gpr19,G protein-coupled receptor 19
Gpr20,G protein-coupled receptor 20
Gpr21,G protein-coupled receptor 21
Gpr22,G protein-coupled receptor 22
Gpr25,G protein-coupled receptor 25
Gpr26,G protein-coupled receptor 26
Gpr27,G protein-coupled receptor 27
Gpr3,G-protein coupled receptor 3
Gpr33,G protein-coupled receptor 33
Gpr34,G protein-coupled receptor 34
Gpr35,G protein-coupled receptor 35
Gpr37,G protein-coupled receptor 37
Gpr37l1,G protein-coupled receptor 37-like 1
Gpr39,G protein-coupled receptor 39
Gpr4,G protein-coupled receptor 4
Gpr45,G protein-coupled receptor 45
Gpr50,G-protein-coupled receptor 50
Gpr52,G protein-coupled receptor 52
Gpr55,G protein-coupled receptor 55
Gpr6,G protein-coupled receptor 6
Gpr61,G protein-coupled receptor 61
Gpr62,G protein-coupled receptor 62
Gpr63,G protein-coupled receptor 63
Gpr65,G-protein coupled receptor 65
Gpr68,G protein-coupled receptor 68
Gpr75,G protein-coupled receptor 75
Gpr82,G protein-coupled receptor 82
Gpr83,G protein-coupled receptor 83
Gpr84,G protein-coupled receptor 84
Gpr85,G protein-coupled receptor 85
Gpr87,G protein-coupled receptor 87
Gpr88,G-protein coupled receptor 88
Gprc5a,"G protein-coupled receptor, family C, group 5, member A"
Gprc5b,"G protein-coupled receptor, family C, group 5, member B"
Gprc5c,"G protein-coupled receptor, family C, group 5, member C"
Gprc5d,"G protein-coupled receptor, family C, group 5, member D"
Gprc6a,"G protein-coupled receptor, family C, group 6, member A"
Gria1,"glutamate receptor, ionotropic, AMPA1 (alpha 1)"
Gria2,"glutamate receptor, ionotropic, AMPA2 (alpha 2)"
Gria3,"glutamate receptor, ionotropic, AMPA3 (alpha 3)"
Gria4,"glutamate receptor, ionotropic, AMPA4 (alpha 4)"
Grid1,"glutamate receptor, ionotropic, delta 1"
Grid2,"glutamate receptor, ionotropic, delta 2"
Grik1,"glutamate receptor, ionotropic, kainate 1"
Grik2,"glutamate receptor, ionotropic, kainate 2 (beta 2)"
Grik3,"glutamate receptor, ionotropic, kainate 3"
Grik4,"glutamate receptor, ionotropic, kainate 4"
Grik5,"glutamate receptor, ionotropic, kainate 5 (gamma 2)"
Grin1,"glutamate receptor, ionotropic, NMDA1 (zeta 1)"
Grin2a,"glutamate receptor, ionotropic, NMDA2A (epsilon 1)"
Grin2b,"glutamate receptor, ionotropic, NMDA2B (epsilon 2)"
Grin2d,"glutamate receptor, ionotropic, NMDA2D (epsilon 4)"
Grin3a,"glutamate receptor ionotropic, NMDA3A"
Grm1,"glutamate receptor, metabotropic 1"
Grm2,"glutamate receptor, metabotropic 2"
Grm3,"glutamate receptor, metabotropic 3"
Grm4,"glutamate receptor, metabotropic 4"
Grm5,"glutamate receptor, metabotropic 5"
Grm6,"glutamate receptor, metabotropic 6"
Grm7,"glutamate receptor, metabotropic 7"
Grm8,"glutamate receptor, metabotropic 8"
Grp,gastrin releasing peptide
Grpr,gastrin releasing peptide receptor
Hcar1,hydrocarboxylic acid receptor 1
Hcar2,hydroxycarboxylic acid receptor 2
Hcn1,hyperpolarization activated cyclic nucleotide gated potassium channel 1
Hcn2,"hyperpolarization-activated, cyclic nucleotide-gated K+ 2"
Hcn3,"hyperpolarization-activated, cyclic nucleotide-gated K+ 3"
Hcn4,"hyperpolarization-activated, cyclic nucleotide-gated K+ 4"
Hcrt,hypocretin
Hcrtr1,hypocretin (orexin) receptor 1
Hcrtr2,hypocretin (orexin) receptor 2
Homer1,homer scaffolding protein 1
Hrh1,histamine receptor H1
Hrh2,histamine receptor H2
Hrh3,histamine receptor H3
Hrh4,histamine receptor H4
Htr1a,5-hydroxytryptamine (serotonin) receptor 1A
Htr1b,5-hydroxytryptamine (serotonin) receptor 1B
Htr1d,5-hydroxytryptamine (serotonin) receptor 1D
Htr1f,5-hydroxytryptamine (serotonin) receptor 1F
Htr2a,5-hydroxytryptamine (serotonin) receptor 2A
Htr2b,5-hydroxytryptamine (serotonin) receptor 2B
Htr2c,5-hydroxytryptamine (serotonin) receptor 2C
Htr3a,5-hydroxytryptamine (serotonin) receptor 3A
Htr3b,5-hydroxytryptamine (serotonin) receptor 3B
Htr4,5 hydroxytryptamine (serotonin) receptor 4
Htr5a,5-hydroxytryptamine (serotonin) receptor 5A
Htr5b,5-hydroxytryptamine (serotonin) receptor 5B
Htr6,5-hydroxytryptamine (serotonin) receptor 6
Htr7,5-hydroxytryptamine (serotonin) receptor 7
Iapp,islet amyloid polypeptide
Igf1,insulin-like growth factor 1
Igf2,insulin-like growth factor 2
Il12a,interleukin 12a
Il16,interleukin 16
Il17d,interleukin 17D
Il18,interleukin 18
Inhba,inhibin beta-A
Ins1,insulin I
Ins2,insulin II
Jak1,Janus kinase 1
Jak2,Janus kinase 2
Jun,jun proto-oncogene
Junb,jun B proto-oncogene
Kcna1,"potassium voltage-gated channel, shaker-related subfamily, member 1"
Kcna10,"potassium voltage-gated channel, shaker-related subfamily, member 10"
Kcna2,"potassium voltage-gated channel, shaker-related subfamily, member 2"
Kcna3,"potassium voltage-gated channel, shaker-related subfamily, member 3"
Kcna4,"potassium voltage-gated channel, shaker-related subfamily, member 4"
Kcna5,"potassium voltage-gated channel, shaker-related subfamily, member 5"
Kcna6,"potassium voltage-gated channel, shaker-related, subfamily, member 6"
Kcna7,"potassium voltage-gated channel, shaker-related subfamily, member 7"
Kcnb1,"potassium voltage gated channel, Shab-related subfamily, member 1"
Kcnb2,"potassium voltage gated channel, Shab-related subfamily, member 2"
Kcnc1,"potassium voltage gated channel, Shaw-related subfamily, member 1"
Kcnc2,"potassium voltage gated channel, Shaw-related subfamily, member 2"
Kcnc3,"potassium voltage gated channel, Shaw-related subfamily, member 3"
Kcnc4,"potassium voltage gated channel, Shaw-related subfamily, member 4"
Kcnd1,"potassium voltage-gated channel, Shal-related family, member 1"
Kcnd2,"potassium voltage-gated channel, Shal-related family, member 2"
Kcnd3,"potassium voltage-gated channel, Shal-related family, member 3"
Kcnf1,"potassium voltage-gated channel, subfamily F, member 1"
Kcng1,"potassium voltage-gated channel, subfamily G, member 1"
Kcng2,"potassium voltage-gated channel, subfamily G, member 2"
Kcng3,"potassium voltage-gated channel, subfamily G, member 3"
Kcng4,"potassium voltage-gated channel, subfamily G, member 4"
Kcnh1,"potassium voltage-gated channel, subfamily H (eag-related), member 1"
Kcnh2,"potassium voltage-gated channel, subfamily H (eag-related), member 2"
Kcnh3,"potassium voltage-gated channel, subfamily H (eag-related), member 3"
Kcnh4,"potassium voltage-gated channel, subfamily H (eag-related), member 4"
Kcnh5,"potassium voltage-gated channel, subfamily H (eag-related), member 5"
Kcnh6,"potassium voltage-gated channel, subfamily H (eag-related), member 6"
Kcnh7,"potassium voltage-gated channel, subfamily H (eag-related), member 7"
Kcnh8,"potassium voltage-gated channel, subfamily H (eag-related), member 8"
Kcnj1,"potassium inwardly-rectifying channel, subfamily J, member 1"
Kcnj10,"potassium inwardly-rectifying channel, subfamily J, member 10"
Kcnj11,"potassium inwardly rectifying channel, subfamily J, member 11"
Kcnj12,"potassium inwardly-rectifying channel, subfamily J, member 12"
Kcnj13,"potassium inwardly-rectifying channel, subfamily J, member 13"
Kcnj14,"potassium inwardly-rectifying channel, subfamily J, member 14"
Kcnj15,"potassium inwardly-rectifying channel, subfamily J, member 15"
Kcnj16,"potassium inwardly-rectifying channel, subfamily J, member 16"
Kcnj2,"potassium inwardly-rectifying channel, subfamily J, member 2"
Kcnj3,"potassium inwardly-rectifying channel, subfamily J, member 3"
Kcnj4,"potassium inwardly-rectifying channel, subfamily J, member 4"
Kcnj5,"potassium inwardly-rectifying channel, subfamily J, member 5"
Kcnj6,"potassium inwardly-rectifying channel, subfamily J, member 6"
Kcnj8,"potassium inwardly-rectifying channel, subfamily J, member 8"
Kcnj9,"potassium inwardly-rectifying channel, subfamily J, member 9"
Kcnk1,"potassium channel, subfamily K, member 1"
Kcnk10,"potassium channel, subfamily K, member 10"
Kcnk12,"potassium channel, subfamily K, member 12"
Kcnk13,"potassium channel, subfamily K, member 13"
Kcnk15,"potassium channel, subfamily K, member 15"
Kcnk18,"potassium channel, subfamily K, member 18"
Kcnk2,"potassium channel, subfamily K, member 2"
Kcnk3,"potassium channel, subfamily K, member 3"
Kcnk4,"potassium channel, subfamily K, member 4"
Kcnk5,"potassium channel, subfamily K, member 5"
Kcnk6,"potassium inwardly-rectifying channel, subfamily K, member 6"
Kcnk7,"potassium channel, subfamily K, member 7"
Kcnk9,"potassium channel, subfamily K, member 9"
Kcnma1,"potassium large conductance calcium-activated channel, subfamily M, alpha member 1"
Kcnmb1,"potassium large conductance calcium-activated channel, subfamily M, beta member 1"
Kcnmb2,"potassium large conductance calcium-activated channel, subfamily M, beta member 2"
Kcnmb3,"potassium large conductance calcium-activated channel, subfamily M, beta member 3"
Kcnmb4,"potassium large conductance calcium-activated channel, subfamily M, beta member 4"
Kcnn1,"potassium intermediate/small conductance calcium-activated channel, subfamily N, member 1"
Kcnn2,"potassium intermediate/small conductance calcium-activated channel, subfamily N, member 2"
Kcnn3,"potassium intermediate/small conductance calcium-activated channel, subfamily N, member 3"
Kcnn4,"potassium intermediate/small conductance calcium-activated channel, subfamily N, member 4"
Kcnq1,"potassium voltage-gated channel, subfamily Q, member 1"
Kcnq2,"potassium voltage-gated channel, subfamily Q, member 2"
Kcnq3,"potassium voltage-gated channel, subfamily Q, member 3"
Kcnq4,"potassium voltage-gated channel, subfamily Q, member 4"
Kcnq5,"potassium voltage-gated channel, subfamily Q, member 5"
Kcns1,"K+ voltage-gated channel, subfamily S, 1"
Kcns2,"K+ voltage-gated channel, subfamily S, 2"
Kcns3,"potassium voltage-gated channel, delayed-rectifier, subfamily S, member 3"
Kcnt1,"potassium channel, subfamily T, member 1"
Kcnt2,"potassium channel, subfamily T, member 2"
Kcnu1,"potassium channel, subfamily U, member 1"
Kcnv1,"potassium channel, subfamily V, member 1"
Kcnv2,"potassium channel, subfamily V, member 2"
Kiss1,KiSS-1 metastasis-suppressor
Kiss1r,KISS1 receptor
Kng1,kininogen 1
Lep,leptin
Lgr4,leucine-rich repeat-containing G protein-coupled receptor 4
Lgr5,leucine rich repeat containing G protein coupled receptor 5
Lgr6,leucine-rich repeat-containing G protein-coupled receptor 6
Lhcgr,luteinizing hormone/choriogonadotropin receptor
Lpar1,lysophosphatidic acid receptor 1
Lpar2,lysophosphatidic acid receptor 2
Lpar3,lysophosphatidic acid receptor 3
Lpar4,lysophosphatidic acid receptor 4
Lpar5,lysophosphatidic acid receptor 5
Lpar6,lysophosphatidic acid receptor 6
Ltb4r1,leukotriene B4 receptor 1
Ltb4r2,leukotriene B4 receptor 2
Mas1,MAS1 oncogene
Mc1r,melanocortin 1 receptor
Mc2r,melanocortin 2 receptor
Mc3r,melanocortin 3 receptor
Mc4r,melanocortin 4 receptor
Mc5r,melanocortin 5 receptor
Mchr1,melanin-concentrating hormone receptor 1
Mrgprd,"MAS-related GPR, member D"
Mrgpre,"MAS-related GPR, member E"
Mrgprf,"MAS-related GPR, member F"
Mrgprg,"MAS-related GPR, member G"
Mtnr1a,melatonin receptor 1A
Mtnr1b,melatonin receptor 1B
Myc,myelocytomatosis oncogene
Ngf,nerve growth factor
Nmb,neuromedin B
Nmbr,neuromedin B receptor
Nms,neuromedin S
Nmu,neuromedin U
Nmur1,neuromedin U receptor 1
Nmur2,neuromedin U receptor 2
Nos1,"nitric oxide synthase 1, neuronal"
Npas4,neuronal PAS domain protein 4
Npb,neuropeptide B
Npbwr1,neuropeptides B/W receptor 1
Npff,neuropeptide FF-amide peptide precursor
Npffr1,neuropeptide FF receptor 1
Npffr2,neuropeptide FF receptor 2
Nppa,natriuretic peptide type A
Nppb,natriuretic peptide type B
Nppc,natriuretic peptide type C
Nps,neuropeptide S
Npsr1,neuropeptide S receptor 1
Nptx2,neuronal pentraxin 2
Npvf,neuropeptide VF precursor
Npw,neuropeptide W
Npy,neuropeptide Y
Npy1r,neuropeptide Y receptor Y1
Npy2r,neuropeptide Y receptor Y2
Npy4r,neuropeptide Y receptor Y4
Npy5r,neuropeptide Y receptor Y5
Npy6r,neuropeptide Y receptor Y6
Nrn1,neuritin 1
Ntf3,neurotrophin 3
Nts,neurotensin
Ntsr1,neurotensin receptor 1
Ntsr2,neurotensin receptor 2
Nucb2,nucleobindin 2
Nxph1,neurexophilin 1
Nxph2,neurexophilin 2
Nxph3,neurexophilin 3
Nxph4,neurexophilin 4
Opn1mw,"opsin 1 (cone pigments), medium-wave-sensitive (color blindness, deutan)"
Opn1sw,"opsin 1 (cone pigments), short-wave-sensitive (color blindness, tritan)"
Opn3,opsin 3
Opn4,opsin 4 (melanopsin)
Opn5,opsin 5
Oprd1,"opioid receptor, delta 1"
Oprk1,"opioid receptor, kappa 1"
Oprl1,opioid receptor-like 1
Oprm1,"opioid receptor, mu 1"
Oxgr1,oxoglutarate (alpha-ketoglutarate) receptor 1
Oxt,oxytocin
Oxtr,oxytocin receptor
P2ry1,"purinergic receptor P2Y, G-protein coupled 1"
P2ry10,"purinergic receptor P2Y, G-protein coupled 10"
P2ry12,"purinergic receptor P2Y, G-protein coupled 12"
P2ry13,"purinergic receptor P2Y, G-protein coupled 13"
P2ry14,"purinergic receptor P2Y, G-protein coupled, 14"
P2ry2,"purinergic receptor P2Y, G-protein coupled 2"
P2ry4,"pyrimidinergic receptor P2Y, G-protein coupled, 4"
P2ry6,"pyrimidinergic receptor P2Y, G-protein coupled, 6"
Pde10a,phosphodiesterase 10A
Pde11a,phosphodiesterase 11A
Pde12,phosphodiesterase 12
Pde1a,"phosphodiesterase 1A, calmodulin-dependent"
Pde1b,"phosphodiesterase 1B, Ca2+-calmodulin dependent"
Pde1c,phosphodiesterase 1C
Pde2a,"phosphodiesterase 2A, cGMP-stimulated"
Pde3a,"phosphodiesterase 3A, cGMP inhibited"
Pde3b,"phosphodiesterase 3B, cGMP-inhibited"
Pde4a,"phosphodiesterase 4A, cAMP specific"
Pde4b,"phosphodiesterase 4B, cAMP specific"
Pde4d,"phosphodiesterase 4D, cAMP specific"
Pde5a,"phosphodiesterase 5A, cGMP-specific"
Pde6c,"phosphodiesterase 6C, cGMP specific, cone, alpha prime"
Pde7a,phosphodiesterase 7A
Pde7b,phosphodiesterase 7B
Pde8a,phosphodiesterase 8A
Pde8b,phosphodiesterase 8B
Pde9a,phosphodiesterase 9A
Pdyn,prodynorphin
Penk,preproenkephalin
Piezo1,piezo-type mechanosensitive ion channel component 1
Piezo2,piezo-type mechanosensitive ion channel component 2
Plat,"plasminogen activator, tissue"
Plk2,polo like kinase 2
Pmch,pro-melanin-concentrating hormone
Pnoc,prepronociceptin
Pomc,pro-opiomelanocortin-alpha
Ppp1r1b,"protein phosphatase 1, regulatory inhibitor subunit 1B"
Ppy,pancreatic polypeptide
Prl,prolactin
Prlh,prolactin releasing hormone
Prlhr,prolactin releasing hormone receptor
Prokr1,prokineticin receptor 1
Prokr2,prokineticin receptor 2
Ptafr,platelet-activating factor receptor
Ptgdr,prostaglandin D receptor
Ptgdr2,prostaglandin D2 receptor 2
Ptger1,prostaglandin E receptor 1 (subtype EP1)
Ptger2,prostaglandin E receptor 2 (subtype EP2)
Ptger3,prostaglandin E receptor 3 (subtype EP3)
Ptger4,prostaglandin E receptor 4 (subtype EP4)
Ptgfr,prostaglandin F receptor
Ptgir,prostaglandin I receptor (IP)
Ptgs2,prostaglandin-endoperoxide synthase 2
Pth1r,parathyroid hormone 1 receptor
Pth2r,parathyroid hormone 2 receptor
Pthlh,parathyroid hormone-like peptide
Pvalb,parvalbumin
Pyy,peptide YY
Qrfpr,pyroglutamylated RFamide peptide receptor
Retn,resistin
Retnlb,resistin like beta
Rheb,Ras homolog enriched in brain
Rho,rhodopsin
Rln1,relaxin 1
Rln3,relaxin 3
Rxfp1,relaxin/insulin-like family peptide receptor 1
Rxfp2,relaxin/insulin-like family peptide receptor 2
Rxfp3,relaxin family peptide receptor 3
Rxfp4,relaxin family peptide receptor 4
S1pr1,sphingosine-1-phosphate receptor 1
S1pr2,sphingosine-1-phosphate receptor 2
S1pr3,sphingosine-1-phosphate receptor 3
S1pr4,sphingosine-1-phosphate receptor 4
S1pr5,sphingosine-1-phosphate receptor 5
Scg2,secretogranin II
Scg3,secretogranin III
Scg5,secretogranin V
Scn10a,"sodium channel, voltage-gated, type X, alpha"
Scn11a,"sodium channel, voltage-gated, type XI, alpha"
Scn1a,"sodium channel, voltage-gated, type I, alpha"
Scn1b,"sodium channel, voltage-gated, type I, beta"
Scn2b,"sodium channel, voltage-gated, type II, beta"
Scn3a,"sodium channel, voltage-gated, type III, alpha"
Scn3b,"sodium channel, voltage-gated, type III, beta"
Scn4a,"sodium channel, voltage-gated, type IV, alpha"
Scn4b,"sodium channel, type IV, beta"
Scn5a,"sodium channel, voltage-gated, type V, alpha"
Scn7a,"sodium channel, voltage-gated, type VII, alpha"
Scn8a,"sodium channel, voltage-gated, type VIII, alpha"
Scn9a,"sodium channel, voltage-gated, type IX, alpha"
Scnm1,sodium channel modifier 1
Sct,secretin
Sctr,secretin receptor
Slc6a12,"solute carrier family 6 (neurotransmitter transporter, betaine/GABA), member 12"
Smim20,small integral membrane protein 20 (phoenixin)
Smo,"smoothened, frizzled class receptor"
Src,Rous sarcoma oncogene
Sst,somatostatin
Sstr1,somatostatin receptor 1
Sstr2,somatostatin receptor 2
Sstr3,somatostatin receptor 3
Sstr4,somatostatin receptor 4
Sstr5,somatostatin receptor 5
Sucnr1,succinate receptor 1
Taar1,trace amine-associated receptor 1
Taar2,trace amine-associated receptor 2
Taar3,trace amine-associated receptor 3
Taar4,trace amine-associated receptor 4
Taar5,trace amine-associated receptor 5
Taar6,trace amine-associated receptor 6
Taar8a,trace amine-associated receptor 8A
Taar9,trace amine-associated receptor 9
Tac1,tachykinin 1
Tac2,tachykinin 2
Tacr1,tachykinin receptor 1
Tacr2,tachykinin receptor 2
Tacr3,tachykinin receptor 3
Tas1r1,"taste receptor, type 1, member 1"
Tas1r2,"taste receptor, type 1, member 2"
Tas1r3,"taste receptor, type 1, member 3"
Tbxa2r,thromboxane A2 receptor
Tpra1,"transmembrane protein, adipocyte asscociated 1"
Trh,thyrotropin releasing hormone
Trhr,thyrotropin releasing hormone receptor
Trhr2,thyrotropin releasing hormone receptor 2
Trp53,transformation related protein 53
Trp53bp1,transformation related protein 53 binding protein 1
Trp53bp2,transformation related protein 53 binding protein 2
Trp53i11,transformation related protein 53 inducible protein 11
Trp53i13,transformation related protein 53 inducible protein 13
Trp53inp1,transformation related protein 53 inducible nuclear protein 1
Trp53inp2,transformation related protein 53 inducible nuclear protein 2
Trp53tg5,transformation related protein 53 target 5
Trp63,transformation related protein 63
Trp73,transformation related protein 73
Trpa1,"transient receptor potential cation channel, subfamily A, member 1"
Trpc1,"transient receptor potential cation channel, subfamily C, member 1"
Trpc3,"transient receptor potential cation channel, subfamily C, member 3"
Trpc4,"transient receptor potential cation channel, subfamily C, member 4"
Trpc4ap,"transient receptor potential cation channel, subfamily C, member 4 associated protein"
Trpc5,"transient receptor potential cation channel, subfamily C, member 5"
Trpc5os,"transient receptor potential cation channel, subfamily C, member 5, opposite strand"
Trpc6,"transient receptor potential cation channel, subfamily C, member 6"
Trpc7,"transient receptor potential cation channel, subfamily C, member 7"
Trpd52l3,tumor protein D52-like 3
Trpm1,"transient receptor potential cation channel, subfamily M, member 1"
Trpm2,"transient receptor potential cation channel, subfamily M, member 2"
Trpm3,"transient receptor potential cation channel, subfamily M, member 3"
Trpm4,"transient receptor potential cation channel, subfamily M, member 4"
Trpm5,"transient receptor potential cation channel, subfamily M, member 5"
Trpm6,"transient receptor potential cation channel, subfamily M, member 6"
Trpm7,"transient receptor potential cation channel, subfamily M, member 7"
Trpm8,"transient receptor potential cation channel, subfamily M, member 8"
Trps1,transcriptional repressor GATA binding 1
Trpt1,tRNA phosphotransferase 1
Trpv1,"transient receptor potential cation channel, subfamily V, member 1"
Trpv2,"transient receptor potential cation channel, subfamily V, member 2"
Trpv3,"transient receptor potential cation channel, subfamily V, member 3"
Trpv4,"transient receptor potential cation channel, subfamily V, member 4"
Trpv5,"transient receptor potential cation channel, subfamily V, member 5"
Trpv6,"transient receptor potential cation channel, subfamily V, member 6"
Tshr,thyroid stimulating hormone receptor
Ubl5,ubiquitin-like 5
Ucn,urocortin
Ucn2,urocortin 2
Ucn3,urocortin 3
Uts2,urotensin 2
Uts2b,urotensin 2B
Uts2r,urotensin 2 receptor
Vgf,VGF nerve growth factor inducible
Vip,vasoactive intestinal polypeptide
Vipr1,vasoactive intestinal peptide receptor 1
Vipr2,vasoactive intestinal peptide receptor 2
Xcr1,chemokine (C motif) receptor 1