Symbol,Label
Cacna1a," P/Q type, alpha 1A subunit"
Cacna1b," N type, alpha 1B subunit"
Cacna1c," L type, alpha 1C subunit"
Cacna1d," L type, alpha 1D subunit"
Cacna1e," R type, alpha 1E subunit"
Cacna1f, alpha 1F subunit
Cacna1g," T type, alpha 1G subunit"
Cacna1h," T type, alpha 1H subunit"
Cacna1i, alpha 1I subunit
Cacna1s," L type, alpha 1S subunit"
Cacna2d1, alpha2/delta subunit 1
Cacna2d2, alpha 2/delta subunit 2
Cacna2d3, alpha2/delta subunit 3
Cacna2d4, alpha 2/delta subunit 4
Cacnb1, beta 1 subunit
Cacnb2, beta 2 subunit
Cacnb3, beta 3 subunit
Cacnb4, beta 4 subunit
Cacng1, gamma subunit 1
Cacng2, gamma subunit 2
Cacng3, gamma subunit 3
Cacng4, gamma subunit 4
Cacng5, gamma subunit 5
Cacng6, gamma subunit 6
Cacng7, gamma subunit 7
Cacng8, gamma subunit 8