Symbol,Label,Channel?
Scn10a,"sodium channel, voltage-gated, type X, alpha",8
Scn11a,"sodium channel, voltage-gated, type XI, alpha",8
Scn1a,"sodium channel, voltage-gated, type I, alpha",8
Scn1b,"sodium channel, voltage-gated, type I, beta",8
Scn2b,"sodium channel, voltage-gated, type II, beta",8
Scn3a,"sodium channel, voltage-gated, type III, alpha",8
Scn3b,"sodium channel, voltage-gated, type III, beta",8
Scn4a,"sodium channel, voltage-gated, type IV, alpha",8
Scn4b,"sodium channel, type IV, beta",8
Scn5a,"sodium channel, voltage-gated, type V, alpha",8
Scn7a,"sodium channel, voltage-gated, type VII, alpha",8
Scn8a,"sodium channel, voltage-gated, type VIII, alpha",8
Scn9a,"sodium channel, voltage-gated, type IX, alpha",8
Scnm1,sodium channel modifier 1,8
Cacna1a,"calcium channel, voltage-dependent, P/Q type, alpha 1A subunit",9
Cacna1b,"calcium channel, voltage-dependent, N type, alpha 1B subunit",9
Cacna1c,"calcium channel, voltage-dependent, L type, alpha 1C subunit",9
Cacna1d,"calcium channel, voltage-dependent, L type, alpha 1D subunit",9
Cacna1e,"calcium channel, voltage-dependent, R type, alpha 1E subunit",9
Cacna1f,"calcium channel, voltage-dependent, alpha 1F subunit",9
Cacna1g,"calcium channel, voltage-dependent, T type, alpha 1G subunit",9
Cacna1h,"calcium channel, voltage-dependent, T type, alpha 1H subunit",9
Cacna1i,"calcium channel, voltage-dependent, alpha 1I subunit",9
Cacna1s,"calcium channel, voltage-dependent, L type, alpha 1S subunit",9
Cacna2d1,"calcium channel, voltage-dependent, alpha2/delta subunit 1",9
Cacna2d2,"calcium channel, voltage-dependent, alpha 2/delta subunit 2",9
Cacna2d3,"calcium channel, voltage-dependent, alpha2/delta subunit 3",9
Cacna2d4,"calcium channel, voltage-dependent, alpha 2/delta subunit 4",9
Cacnb1,"calcium channel, voltage-dependent, beta 1 subunit",9
Cacnb2,"calcium channel, voltage-dependent, beta 2 subunit",9
Cacnb3,"calcium channel, voltage-dependent, beta 3 subunit",9
Cacnb4,"calcium channel, voltage-dependent, beta 4 subunit",9
Cacng1,"calcium channel, voltage-dependent, gamma subunit 1",9
Cacng2,"calcium channel, voltage-dependent, gamma subunit 2",9
Cacng3,"calcium channel, voltage-dependent, gamma subunit 3",9
Cacng4,"calcium channel, voltage-dependent, gamma subunit 4",9
Cacng5,"calcium channel, voltage-dependent, gamma subunit 5",9
Cacng6,"calcium channel, voltage-dependent, gamma subunit 6",9
Cacng7,"calcium channel, voltage-dependent, gamma subunit 7",9
Cacng8,"calcium channel, voltage-dependent, gamma subunit 8",9
Kcnk1,"potassium channel, subfamily K, member 1",11
Kcnk10,"potassium channel, subfamily K, member 10",11
Kcnk12,"potassium channel, subfamily K, member 12",11
Kcnk13,"potassium channel, subfamily K, member 13",11
Kcnk15,"potassium channel, subfamily K, member 15",11
Kcnk18,"potassium channel, subfamily K, member 18",11
Kcnk2,"potassium channel, subfamily K, member 2",11
Kcnk3,"potassium channel, subfamily K, member 3",11
Kcnk4,"potassium channel, subfamily K, member 4",11
Kcnk5,"potassium channel, subfamily K, member 5",11
Kcnk7,"potassium channel, subfamily K, member 7",11
Kcnk9,"potassium channel, subfamily K, member 9",11
Kcnt1,"potassium channel, subfamily T, member 1",11
Kcnt2,"potassium channel, subfamily T, member 2",11
Kcnu1,"potassium channel, subfamily U, member 1",11
Kcnv1,"potassium channel, subfamily V, member 1",11
Kcnv2,"potassium channel, subfamily V, member 2",11
Kcns1,"K+ voltage-gated channel, subfamily S, 1",18
Kcns2,"K+ voltage-gated channel, subfamily S, 2",18
Cnga1,cyclic nucleotide gated channel alpha 1,25
Cnga2,cyclic nucleotide gated channel alpha 2,25
Cnga3,cyclic nucleotide gated channel alpha 3,25
Cnga4,cyclic nucleotide gated channel alpha 4,25
Cngb1,cyclic nucleotide gated channel beta 1,25
Cngb3,cyclic nucleotide gated channel beta 3,25
Kcna1,"potassium voltage-gated channel, shaker-related subfamily, member 1",25
Kcna10,"potassium voltage-gated channel, shaker-related subfamily, member 10",25
Kcna2,"potassium voltage-gated channel, shaker-related subfamily, member 2",25
Kcna3,"potassium voltage-gated channel, shaker-related subfamily, member 3",25
Kcna4,"potassium voltage-gated channel, shaker-related subfamily, member 4",25
Kcna5,"potassium voltage-gated channel, shaker-related subfamily, member 5",25
Kcna6,"potassium voltage-gated channel, shaker-related, subfamily, member 6",25
Kcna7,"potassium voltage-gated channel, shaker-related subfamily, member 7",25
Kcnb1,"potassium voltage gated channel, Shab-related subfamily, member 1",25
Kcnb2,"potassium voltage gated channel, Shab-related subfamily, member 2",25
Kcnc1,"potassium voltage gated channel, Shaw-related subfamily, member 1",25
Kcnc2,"potassium voltage gated channel, Shaw-related subfamily, member 2",25
Kcnc3,"potassium voltage gated channel, Shaw-related subfamily, member 3",25
Kcnc4,"potassium voltage gated channel, Shaw-related subfamily, member 4",25
Kcnd1,"potassium voltage-gated channel, Shal-related family, member 1",25
Kcnd2,"potassium voltage-gated channel, Shal-related family, member 2",25
Kcnd3,"potassium voltage-gated channel, Shal-related family, member 3",25
Kcnf1,"potassium voltage-gated channel, subfamily F, member 1",25
Kcng1,"potassium voltage-gated channel, subfamily G, member 1",25
Kcng2,"potassium voltage-gated channel, subfamily G, member 2",25
Kcng3,"potassium voltage-gated channel, subfamily G, member 3",25
Kcng4,"potassium voltage-gated channel, subfamily G, member 4",25
Kcnh1,"potassium voltage-gated channel, subfamily H (eag-related), member 1",25
Kcnh2,"potassium voltage-gated channel, subfamily H (eag-related), member 2",25
Kcnh3,"potassium voltage-gated channel, subfamily H (eag-related), member 3",25
Kcnh4,"potassium voltage-gated channel, subfamily H (eag-related), member 4",25
Kcnh5,"potassium voltage-gated channel, subfamily H (eag-related), member 5",25
Kcnh6,"potassium voltage-gated channel, subfamily H (eag-related), member 6",25
Kcnh7,"potassium voltage-gated channel, subfamily H (eag-related), member 7",25
Kcnh8,"potassium voltage-gated channel, subfamily H (eag-related), member 8",25
Kcnq1,"potassium voltage-gated channel, subfamily Q, member 1",25
Kcnq2,"potassium voltage-gated channel, subfamily Q, member 2",25
Kcnq3,"potassium voltage-gated channel, subfamily Q, member 3",25
Kcnq4,"potassium voltage-gated channel, subfamily Q, member 4",25
Kcnq5,"potassium voltage-gated channel, subfamily Q, member 5",25
Kcns3,"potassium voltage-gated channel, delayed-rectifier, subfamily S, member 3",25
Kcnj1,"potassium inwardly-rectifying channel, subfamily J, member 1",31
Kcnj10,"potassium inwardly-rectifying channel, subfamily J, member 10",31
Kcnj11,"potassium inwardly rectifying channel, subfamily J, member 11",31
Kcnj12,"potassium inwardly-rectifying channel, subfamily J, member 12",31
Kcnj13,"potassium inwardly-rectifying channel, subfamily J, member 13",31
Kcnj14,"potassium inwardly-rectifying channel, subfamily J, member 14",31
Kcnj15,"potassium inwardly-rectifying channel, subfamily J, member 15",31
Kcnj16,"potassium inwardly-rectifying channel, subfamily J, member 16",31
Kcnj2,"potassium inwardly-rectifying channel, subfamily J, member 2",31
Kcnj3,"potassium inwardly-rectifying channel, subfamily J, member 3",31
Kcnj4,"potassium inwardly-rectifying channel, subfamily J, member 4",31
Kcnj5,"potassium inwardly-rectifying channel, subfamily J, member 5",31
Kcnj6,"potassium inwardly-rectifying channel, subfamily J, member 6",31
Kcnj8,"potassium inwardly-rectifying channel, subfamily J, member 8",31
Kcnj9,"potassium inwardly-rectifying channel, subfamily J, member 9",31
Kcnk6,"potassium inwardly-rectifying channel, subfamily K, member 6",31
Piezo1,piezo-type mechanosensitive ion channel component 1,33
Piezo2,piezo-type mechanosensitive ion channel component 2,33
Trpa1,"transient receptor potential cation channel, subfamily A, member 1",37
Trpc1,"transient receptor potential cation channel, subfamily C, member 1",37
Trpc3,"transient receptor potential cation channel, subfamily C, member 3",37
Trpc4,"transient receptor potential cation channel, subfamily C, member 4",37
Trpc4ap,"transient receptor potential cation channel, subfamily C, member 4 associated protein",37
Trpc5,"transient receptor potential cation channel, subfamily C, member 5",37
Trpc5os,"transient receptor potential cation channel, subfamily C, member 5, opposite strand",37
Trpc6,"transient receptor potential cation channel, subfamily C, member 6",37
Trpc7,"transient receptor potential cation channel, subfamily C, member 7",37
Trpm1,"transient receptor potential cation channel, subfamily M, member 1",37
Trpm2,"transient receptor potential cation channel, subfamily M, member 2",37
Trpm3,"transient receptor potential cation channel, subfamily M, member 3",37
Trpm4,"transient receptor potential cation channel, subfamily M, member 4",37
Trpm5,"transient receptor potential cation channel, subfamily M, member 5",37
Trpm6,"transient receptor potential cation channel, subfamily M, member 6",37
Trpm7,"transient receptor potential cation channel, subfamily M, member 7",37
Trpm8,"transient receptor potential cation channel, subfamily M, member 8",37
Trpv1,"transient receptor potential cation channel, subfamily V, member 1",37
Trpv2,"transient receptor potential cation channel, subfamily V, member 2",37
Trpv3,"transient receptor potential cation channel, subfamily V, member 3",37
Trpv4,"transient receptor potential cation channel, subfamily V, member 4",37
Trpv5,"transient receptor potential cation channel, subfamily V, member 5",37
Trpv6,"transient receptor potential cation channel, subfamily V, member 6",37
Kcnma1,"potassium large conductance calcium-activated channel, subfamily M, alpha member 1",47
Kcnmb1,"potassium large conductance calcium-activated channel, subfamily M, beta member 1",47
Kcnmb2,"potassium large conductance calcium-activated channel, subfamily M, beta member 2",47
Kcnmb3,"potassium large conductance calcium-activated channel, subfamily M, beta member 3",47
Kcnmb4,"potassium large conductance calcium-activated channel, subfamily M, beta member 4",47
Kcnn1,"potassium intermediate/small conductance calcium-activated channel, subfamily N, member 1",60
Kcnn2,"potassium intermediate/small conductance calcium-activated channel, subfamily N, member 2",60
Kcnn3,"potassium intermediate/small conductance calcium-activated channel, subfamily N, member 3",60
Kcnn4,"potassium intermediate/small conductance calcium-activated channel, subfamily N, member 4",60
Hcn1,"hyperpolarization-activated, cyclic nucleotide-gated  potassium channel 1",65
Hcn2,"hyperpolarization-activated, cyclic nucleotide-gated  potassium channel 2",65
Hcn3,"hyperpolarization-activated, cyclic nucleotide-gated  potassium channel 3",65
Hcn4,"hyperpolarization-activated, cyclic nucleotide-gated  potassium channel 4",65