Symbol,Label,Primary G alpha Type,Other Transduction,Family,Ligand Type
Adcyap1r1,adenylate cyclase activating peptide 1 receptor 1,Gs, Gq/11,VIP and PACAP receptors,Peptide
Adora1,adenosine A1 receptor,Gi/o,,Adenosine receptors,Nucleotide
Adora2a,adenosine A2a receptor,Gs,,Adenosine receptors,Nucleotide
Adora2b,adenosine A2b receptor,Gs,,Adenosine receptors,Nucleotide
Adora3,adenosine A3 receptor,Gi/o,,Adenosine receptors,Nucleotide
Adra1a,"adrenergic receptor, alpha 1a",Gq/11,,Adrenoceptors,Aminergic
Adra1b,"adrenergic receptor, alpha 1b",Gq/11,,Adrenoceptors,Aminergic
Adra1d,"adrenergic receptor, alpha 1d",Gq/11,,Adrenoceptors,Aminergic
Adra2a,"adrenergic receptor, alpha 2a",Gi/o,,Adrenoceptors,Aminergic
Adra2b,"adrenergic receptor, alpha 2b",Gi/o,,Adrenoceptors,Aminergic
Adra2c,"adrenergic receptor, alpha 2c",Gi/o,,Adrenoceptors,Aminergic
Adrb1,"adrenergic receptor, beta 1",Gs,,Adrenoceptors,Aminergic
Adrb2,"adrenergic receptor, beta 2",Gs,,Adrenoceptors,Aminergic
Adrb3,"adrenergic receptor, beta 3",Gs,,Adrenoceptors,Aminergic
Agtr1a,"angiotensin II receptor, type 1a",Gi/o, Gq/11,Angiotensin receptors,Peptide
Agtr1b,"angiotensin II receptor, type 1b",Gi/o,,Angiotensin receptors,Neuropeptide
Agtr2,"angiotensin II receptor, type 2",Gi/o,,Angiotensin receptors,Neuropeptide
Aplnr,apelin receptor,Gi/o,,Apelin receptors,Neuropeptide
Avpr1a,arginine vasopressin receptor 1A,Gq/11,,Vasopressin and oxytocin receptors,Neuropeptide
Avpr1b,arginine vasopressin receptor 1B,Gq/11,,Vasopressin and oxytocin receptors,Neuropeptide
Avpr2,arginine vasopressin receptor 2,Gs,,Vasopressin and oxytocin receptors,Neuropeptide
Bdkrb1,"bradykinin receptor, beta 1",Gi/o, Gq/11,Bradykinin receptors,Neuropeptide
Bdkrb2,"bradykinin receptor, beta 2",Gs," Gi/o, Gq/11",Bradykinin receptors,Neuropeptide
Calcr,calcitonin receptor,Gs,,Calcitonin receptors,Neuropeptide
Calcrl,calcitonin receptor-like,,,Calcitonin receptors,Neuropeptide
Casr,calcium-sensing receptor,Gi/o," Gq/11, G12/13",Calcium-sensing receptors,Ion
Cckar,cholecystokinin A receptor,Gq/11,,Cholecystokinin receptors,Neuropeptide
Cckbr,cholecystokinin B receptor,Gq/11,,Cholecystokinin receptors,Neuropeptide
Chrm1,"cholinergic receptor, muscarinic 1, CNS",Gq/11,,Acetylcholine receptors (muscarinic),Aminergic
Chrm2,"cholinergic receptor, muscarinic 2, cardiac",Gi/o,,Acetylcholine receptors (muscarinic),Aminergic
Chrm3,"cholinergic receptor, muscarinic 3, cardiac",Gq/11,,Acetylcholine receptors (muscarinic),Aminergic
Chrm4,"cholinergic receptor, muscarinic 4",Gi/o,,Acetylcholine receptors (muscarinic),Aminergic
Chrm5,"cholinergic receptor, muscarinic 5",Gq/11,,Acetylcholine receptors (muscarinic),Aminergic
Cnr1,cannabinoid receptor 1,Gi/o,,Cannabinoid receptors,Lipid
Cnr2,cannabinoid receptor 2,Gi/o,,Cannabinoid receptors,Lipid
Crhr1,corticotropin releasing hormone receptor 1,Gs,,Corticotropin-releasing factor receptors,Neuropeptide
Crhr2,corticotropin releasing hormone receptor 2,Gs,,Corticotropin-releasing factor receptors,Neuropeptide
Drd1,dopamine receptor D1,Gs,,Dopamine receptors,Aminergic
Drd2,dopamine receptor D2,Gi/o,,Dopamine receptors,Aminergic
Drd3,dopamine receptor D3,Gi/o,,Dopamine receptors,Aminergic
Drd4,dopamine receptor D4,Gi/o,,Dopamine receptors,Aminergic
Drd5,dopamine receptor D5,Gs,,Dopamine receptors,Aminergic
Ednra,endothelin receptor type A,Gq/11,,Endothelin receptors,Neuropeptide
Ednrb,endothelin receptor type B,Gs," Gi/o, Gq/11",Endothelin receptors,Neuropeptide
Ffar1,free fatty acid receptor 1,Gq/11,,Free fatty acid receptors,Lipid
Ffar2,free fatty acid receptor 2,Gq/11,,Free fatty acid receptors,Lipid
Ffar3,free fatty acid receptor 3,Gi/o,,Free fatty acid receptors,Lipid
Ffar4,free fatty acid receptor 4,Gq/11,,Free fatty acid receptors,Lipid
Fpr1,formyl peptide receptor 1,Gi/o,,Formylpeptide receptors,Neuropeptide
Fpr2,formyl peptide receptor 2,Gi/o,,Formylpeptide receptors,Neuropeptide
Fpr3,formyl peptide receptor 3,Gi/o,,Formylpeptide receptors,Neuropeptide
Fshr,follicle stimulating hormone receptor,Gs," Gi/o, Gq/11",Glycoprotein hormone receptors,Protein
Fzd1,frizzled class receptor 1,,,Frizzled,Protein
Fzd10,frizzled class receptor 10,,,Frizzled,Protein
Fzd2,frizzled class receptor 2,Gi/o,,Frizzled,Protein
Fzd3,frizzled class receptor 3,Gs,,Frizzled,Protein
Fzd4,frizzled class receptor 4,G12/13,,Frizzled,Protein
Fzd5,frizzled class receptor 5,,,Frizzled,Protein
Fzd6,frizzled class receptor 6,Gi/o," Gq/11, G Indep",Frizzled,Protein
Fzd7,frizzled class receptor 7,Gs, Gi/o,Frizzled,Protein
Fzd8,frizzled class receptor 8,,,Frizzled,Protein
Fzd9,frizzled class receptor 9,Gi/o,,Frizzled,Protein
Gabbr1,gamma-aminobutyric acid type B receptor subunit 1,Gi/o,,GABA<sub>B</sub> receptors,Amino acid
Gabbr2,gamma-aminobutyric acid type B receptor subunit 2,Gi/o,,GABA<sub>B</sub> receptors,Amino acid
Galr1,galanin receptor 1,Gi/o,,Galanin receptors,Neuropeptide
Galr2,galanin receptor 2,Gq/11,,Galanin receptors,Neuropeptide
Galr3,galanin receptor 3,Gi/o,,Galanin receptors,Neuropeptide
Gcgr,glucagon receptor,Gs,,Glucagon receptor family,Neuropeptide
Ghrhr,growth hormone releasing hormone receptor,Gs,,Glucagon receptor family,Neuropeptide
Ghsr,growth hormone secretagogue receptor,Gq/11,,Ghrelin receptors,Neuropeptide
Gipr,gastric inhibitory polypeptide receptor,Gs,,Glucagon receptor family,Neuropeptide
Glp1r,glucagon-like peptide 1 receptor,Gs,,Glucagon receptor family,Neuropeptide
Glp2r,glucagon-like peptide 2 receptor,Gs,,Glucagon receptor family,Neuropeptide
Gnrhr,gonadotropin releasing hormone receptor,Gq/11,,Gonadotrophin-releasing hormone receptors,Neuropeptide
Gpbar1,G protein-coupled bile acid receptor 1,Gs,,Bile acid receptors,Steroid
Gper1,G protein-coupled estrogen receptor 1,Gi/o,,Estrogen (G protein-coupled) receptors,Steroid
Gpr101,G protein-coupled receptor 101,Gs,,Class A orphans,
Gpr107,G protein-coupled receptor 107,,,Other GPCR orphans,
Gpr119,G-protein coupled receptor 119,Gs,,"GPR18, GPR55 and GPR119",Lipid
Gpr12,G-protein coupled receptor 12,Gs, Gi/o,Class A orphans,
Gpr132,G protein-coupled receptor 132,,,Class A orphans,
Gpr135,G protein-coupled receptor 135,,,Class A orphans,
Gpr137,G protein-coupled receptor 137,,,Other GPCR orphans,
Gpr139,G protein-coupled receptor 139,Gq/11,,Class A orphans,
Gpr141,G protein-coupled receptor 141,,,Class A orphans,
Gpr142,G protein-coupled receptor 142,,,Class A orphans,
Gpr143,G protein-coupled receptor 143,,,Other GPCR orphans,
Gpr146,G protein-coupled receptor 146,,,Class A orphans,
Gpr149,G protein-coupled receptor 149,,,Class A orphans,
Gpr15,G protein-coupled receptor 15,,,Class A orphans,
Gpr150,G protein-coupled receptor 150,,,Class A orphans,
Gpr151,G protein-coupled receptor 151,,,Class A orphans,
Gpr152,G protein-coupled receptor 152,,,Class A orphans,
Gpr153,G protein-coupled receptor 153,,,Class A orphans,
Gpr156,G protein-coupled receptor 156,,,Class C Orphans,
Gpr157,G protein-coupled receptor 157,,,Other GPCR orphans,
Gpr158,G protein-coupled receptor 158,,,Class C Orphans,
Gpr160,G protein-coupled receptor 160,,,Class A orphans,
Gpr161,G protein-coupled receptor 161,,,Class A orphans,
Gpr162,G protein-coupled receptor 162,,,Class A orphans,
Gpr17,G protein-coupled receptor 17,Gi/o,,Class A orphans,
Gpr171,G protein-coupled receptor 171,,,Class A orphans,
Gpr173,G-protein coupled receptor 173,,,Class A orphans,
Gpr174,G protein-coupled receptor 174,,,Class A orphans,
Gpr176,G protein-coupled receptor 176,,,Class A orphans,
Gpr179,G protein-coupled receptor 179,,,Class C Orphans,
Gpr18,G protein-coupled receptor 18,Gi/o, Gq/11,"GPR18, GPR55 and GPR119",Lipid
Gpr182,G protein-coupled receptor 182,,,Class A orphans,
Gpr183,G protein-coupled receptor 183,Gi/o,,Class A orphans,
Gpr19,G protein-coupled receptor 19,,,Class A orphans,
Gpr20,G protein-coupled receptor 20,Gi/o,,Class A orphans,
Gpr21,G protein-coupled receptor 21,,,Class A orphans,
Gpr22,G protein-coupled receptor 22,Gi/o,,Class A orphans,
Gpr25,G protein-coupled receptor 25,,,Class A orphans,
Gpr26,G protein-coupled receptor 26,Gs,,Class A orphans,
Gpr27,G protein-coupled receptor 27,Gq/11,,Class A orphans,
Gpr3,G-protein coupled receptor 3,Gs,,Class A orphans,
Gpr33,G protein-coupled receptor 33,Gi/o,,Class A orphans,
Gpr34,G protein-coupled receptor 34,Gi/o,,Class A orphans,
Gpr35,G protein-coupled receptor 35,,,Class A orphans,
Gpr37,G protein-coupled receptor 37,Gi/o,,Class A orphans,
Gpr37l1,G protein-coupled receptor 37-like 1,Gi/o,,Class A orphans,
Gpr39,G protein-coupled receptor 39,Gq/11,,Class A orphans,
Gpr4,G protein-coupled receptor 4,Gs," Gi/o, Gq/11, G12/13",Class A orphans,
Gpr45,G protein-coupled receptor 45,,,Class A orphans,
Gpr50,G-protein-coupled receptor 50,,,Class A orphans,
Gpr52,G protein-coupled receptor 52,,,Class A orphans,
Gpr55,G protein-coupled receptor 55,Gq/11, G12/13,"GPR18, GPR55 and GPR119",Lipid
Gpr6,G protein-coupled receptor 6,Gs, Gi/o,Class A orphans,
Gpr61,G protein-coupled receptor 61,,,Class A orphans,
Gpr62,G protein-coupled receptor 62,,,Class A orphans,
Gpr63,G protein-coupled receptor 63,,,Class A orphans,
Gpr65,G-protein coupled receptor 65,Gs,,Class A orphans,
Gpr68,G protein-coupled receptor 68,Gi/o, Gq/11,Class A orphans,
Gpr75,G protein-coupled receptor 75,Gq/11,,Class A orphans,
Gpr82,G protein-coupled receptor 82,,,Class A orphans,
Gpr83,G protein-coupled receptor 83,,,Class A orphans,
Gpr84,G protein-coupled receptor 84,Gi/o,,Class A orphans,
Gpr85,G protein-coupled receptor 85,,,Class A orphans,
Gpr87,G protein-coupled receptor 87,,,Class A orphans,
Gpr88,G-protein coupled receptor 88,,,Class A orphans,
Gprc5a,"G protein-coupled receptor, family C, group 5, member A",,,Class C Orphans,
Gprc5b,"G protein-coupled receptor, family C, group 5, member B",,,Class C Orphans,
Gprc5c,"G protein-coupled receptor, family C, group 5, member C",,,Class C Orphans,
Gprc5d,"G protein-coupled receptor, family C, group 5, member D",,,Class C Orphans,
Gprc6a,"G protein-coupled receptor, family C, group 6, member A",Gq/11,,Class C Orphans,
Grm1,"glutamate receptor, metabotropic 1",Gq/11,,Metabotropic glutamate receptors,Amino acid
Grm2,"glutamate receptor, metabotropic 2",Gi/o,,Metabotropic glutamate receptors,Amino acid
Grm3,"glutamate receptor, metabotropic 3",Gi/o,,Metabotropic glutamate receptors,Amino acid
Grm4,"glutamate receptor, metabotropic 4",Gi/o,,Metabotropic glutamate receptors,Amino acid
Grm5,"glutamate receptor, metabotropic 5",Gq/11,,Metabotropic glutamate receptors,Amino acid
Grm6,"glutamate receptor, metabotropic 6",Gi/o,,Metabotropic glutamate receptors,Amino acid
Grm7,"glutamate receptor, metabotropic 7",Gi/o,,Metabotropic glutamate receptors,Amino acid
Grm8,"glutamate receptor, metabotropic 8",Gi/o,,Metabotropic glutamate receptors,Amino acid
Grpr,gastrin releasing peptide receptor,Gq/11,,Bombesin receptors,Neuropeptide
Hcar1,hydrocarboxylic acid receptor 1,Gi/o,,Hydroxycarboxylic acid receptors,Alicarboxylic acid
Hcar2,hydroxycarboxylic acid receptor 2,Gi/o,,Hydroxycarboxylic acid receptors,Alicarboxylic acid
Hcrtr1,hypocretin (orexin) receptor 1,Gs," Gi/o, Gq/11",Orexin receptors,Neuropeptide
Hcrtr2,hypocretin (orexin) receptor 2,Gs," Gi/o, Gq/11",Orexin receptors,Neuropeptide
Hrh1,histamine receptor H1,Gq/11,,Histamine receptors,Aminergic
Hrh2,histamine receptor H2,Gq/11,,Histamine receptors,Aminergic
Hrh3,histamine receptor H3,Gi/o,,Histamine receptors,Aminergic
Hrh4,histamine receptor H4,Gi/o,,Histamine receptors,Aminergic
Htr1a,5-hydroxytryptamine (serotonin) receptor 1A,Gi/o,,5-Hydroxytryptamine receptors,Aminergic
Htr1b,5-hydroxytryptamine (serotonin) receptor 1B,Gi/o,,5-Hydroxytryptamine receptors,Aminergic
Htr1d,5-hydroxytryptamine (serotonin) receptor 1D,Gi/o,,5-Hydroxytryptamine receptors,Aminergic
Htr1f,5-hydroxytryptamine (serotonin) receptor 1F,Gi/o,,5-Hydroxytryptamine receptors,Aminergic
Htr2a,5-hydroxytryptamine (serotonin) receptor 2A,Gq/11,,5-Hydroxytryptamine receptors,Aminergic
Htr2b,5-hydroxytryptamine (serotonin) receptor 2B,Gq/11,,5-Hydroxytryptamine receptors,Aminergic
Htr2c,5-hydroxytryptamine (serotonin) receptor 2C,Gq/11,,5-Hydroxytryptamine receptors,Aminergic
Htr4,5 hydroxytryptamine (serotonin) receptor 4,Gs,,5-Hydroxytryptamine receptors,Aminergic
Htr5a,5-hydroxytryptamine (serotonin) receptor 5A,Gi/o,,5-Hydroxytryptamine receptors,Aminergic
Htr5b,5-hydroxytryptamine (serotonin) receptor 5B,Gi/o,,5-Hydroxytryptamine receptors,Aminergic
Htr6,5-hydroxytryptamine (serotonin) receptor 6,Gs,,5-Hydroxytryptamine receptors,Aminergic
Htr7,5-hydroxytryptamine (serotonin) receptor 7,Gs,,5-Hydroxytryptamine receptors,Aminergic
Kiss1r,KISS1 receptor,Gq/11,,Kisspeptin receptors,Neuropeptide
Lgr4,leucine-rich repeat-containing G protein-coupled receptor 4,,,Class A orphans,
Lgr5,leucine rich repeat containing G protein coupled receptor 5,,,Class A orphans,
Lgr6,leucine-rich repeat-containing G protein-coupled receptor 6,,,Class A orphans,
Lhcgr,luteinizing hormone/choriogonadotropin receptor,Gs,,Glycoprotein hormone receptors,Protein
Lpar1,lysophosphatidic acid receptor 1,Gi/o," Gq/11, G12/13",Lysophospholipid (LPA) receptors,Lipid
Lpar2,lysophosphatidic acid receptor 2,Gi/o," Gq/11, G12/13",Lysophospholipid (LPA) receptors,Lipid
Lpar3,lysophosphatidic acid receptor 3,Gi/o, Gq/11,Lysophospholipid (LPA) receptors,Lipid
Lpar4,lysophosphatidic acid receptor 4,Gs," Gi/o, Gq/11, G12/13",Lysophospholipid (LPA) receptors,Lipid
Lpar5,lysophosphatidic acid receptor 5,Gq/11, G12/13,Lysophospholipid (LPA) receptors,Lipid
Lpar6,lysophosphatidic acid receptor 6,Gs," Gi/o, G12/13",Lysophospholipid (LPA) receptors,Lipid
Mc1r,melanocortin 1 receptor,Gs,,Melanocortin receptors,Neuropeptide
Mc2r,melanocortin 2 receptor,Gs,,Melanocortin receptors,Neuropeptide
Mc3r,melanocortin 3 receptor,Gs,,Melanocortin receptors,Neuropeptide
Mc4r,melanocortin 4 receptor,Gs,,Melanocortin receptors,Neuropeptide
Mc5r,melanocortin 5 receptor,Gs,,Melanocortin receptors,Neuropeptide
Mchr1,melanin-concentrating hormone receptor 1,Gs," Gi/o, Gq/11",Melanin-concentrating hormone,Neuropeptide
Mrgprd,"MAS-related GPR, member D",Gi/o, Gq/11,Class A orphans,
Mrgpre,"MAS-related GPR, member E",,,Class A orphans,
Mrgprf,"MAS-related GPR, member F",,,Class A orphans,
Mrgprg,"MAS-related GPR, member G",,,Class A orphans,
Mtnr1a,melatonin receptor 1A,Gi/o,,Melatonin,Melatonin
Mtnr1b,melatonin receptor 1B,Gi/o,,Melatonin,Melatonin
Nmbr,neuromedin B receptor,Gq/11,,Bombesin receptors,Neuropeptide
Nmur1,neuromedin U receptor 1,Gq/11,,Neuromedin U receptors,Neuropeptide
Nmur2,neuromedin U receptor 2,Gq/11,,Neuromedin U receptors,Neuropeptide
Npbwr1,neuropeptides B/W receptor 1,Gi/o,,Neuropeptide W/neuropeptide B receptors,Neuropeptide
Npffr1,neuropeptide FF receptor 1,Gi/o,,Neuropeptide FF/neuropeptide AF receptors,Neuropeptide
Npffr2,neuropeptide FF receptor 2,Gi/o,,Neuropeptide FF/neuropeptide AF receptors,Neuropeptide
Npsr1,neuropeptide S receptor 1,Gq/11,,Neuropeptide S receptors,Neuropeptide
Npy1r,neuropeptide Y receptor Y1,Gi/o,,Neuropeptide Y receptors,Neuropeptide
Npy2r,neuropeptide Y receptor Y2,Gi/o,,Neuropeptide Y receptors,Neuropeptide
Npy4r,neuropeptide Y receptor Y4,Gi/o,,Neuropeptide Y receptors,Neuropeptide
Npy5r,neuropeptide Y receptor Y5,Gi/o,,Neuropeptide Y receptors,Neuropeptide
Npy6r,neuropeptide Y receptor Y6,,,Neuropeptide Y receptors,Neuropeptide
Ntsr1,neurotensin receptor 1,Gq/11,,Neurotensin receptors,Neuropeptide
Ntsr2,neurotensin receptor 2,Gq/11,,Neurotensin receptors,Neuropeptide
Opn1mw,"opsin 1 (cone pigments), medium-wave-sensitive (color blindness, deutan)",,,Opsins,Sensory
Opn1sw,"opsin 1 (cone pigments), short-wave-sensitive (color blindness, tritan)",,,Opsins,Sensory
Opn3,opsin 3,,,Opsins,Sensory
Opn4,opsin 4 (melanopsin),Gi/o, Gq/11,Opsins,Sensory
Opn5,opsin 5,Gi/o,,Opsins,Sensory
Oprd1,"opioid receptor, delta 1",Gi/o,,Opioid receptors,Neuropeptide
Oprk1,"opioid receptor, kappa 1",Gi/o,,Opioid receptors,Neuropeptide
Oprl1,opioid receptor-like 1,Gi/o,,Opioid receptors,Neuropeptide
Oprm1,"opioid receptor, mu 1",Gi/o,,Opioid receptors,Neuropeptide
Oxgr1,oxoglutarate (alpha-ketoglutarate) receptor 1,Gq/11,,Oxoglutarate receptors,Alicarboxylic acid
Oxtr,oxytocin receptor,Gq/11,,Vasopressin and oxytocin receptors,Neuropeptide
P2ry1,"purinergic receptor P2Y, G-protein coupled 1",Gq/11,,P2Y receptors,Nucleotide
P2ry10,"purinergic receptor P2Y, G-protein coupled 10",Gi/o,,Class A orphans,Lipid
P2ry12,"purinergic receptor P2Y, G-protein coupled 12",Gi/o,,P2Y receptors,Nucleotide
P2ry13,"purinergic receptor P2Y, G-protein coupled 13",Gi/o,,P2Y receptors,Nucleotide
P2ry14,"purinergic receptor P2Y, G-protein coupled, 14",Gi/o,,P2Y receptors,Nucleotide
P2ry2,"purinergic receptor P2Y, G-protein coupled 2",Gq/11,,P2Y receptors,Nucleotide
P2ry4,"pyrimidinergic receptor P2Y, G-protein coupled, 4",Gq/11,,P2Y receptors,Nucleotide
P2ry6,"pyrimidinergic receptor P2Y, G-protein coupled, 6",Gq/11,,P2Y receptors,Nucleotide
Prlhr,prolactin releasing hormone receptor,,,Prolactin-releasing peptide receptors,Neuropeptide
Prokr1,prokineticin receptor 1,Gq/11,,Prokineticin receptors,Protein
Prokr2,prokineticin receptor 2,Gq/11,,Prokineticin receptors,Protein
Ptafr,platelet-activating factor receptor,Gi/o," Gq/11, G protein independent mechanism",Platelet-activating factor receptors,Lipid
Ptgdr,prostaglandin D receptor,Gs,,Prostanoid receptors,Lipid
Ptgdr2,prostaglandin D2 receptor 2,Gi/o,,Prostanoid receptors,Lipid
Ptger1,prostaglandin E receptor 1 (subtype EP1),Gq/11,,Prostanoid receptors,Lipid
Ptger2,prostaglandin E receptor 2 (subtype EP2),Gs,,Prostanoid receptors,Lipid
Ptger3,prostaglandin E receptor 3 (subtype EP3),Gi/o,,Prostanoid receptors,Lipid
Ptger4,prostaglandin E receptor 4 (subtype EP4),Gs,,Prostanoid receptors,Lipid
Ptgfr,prostaglandin F receptor,Gq/11,,Prostanoid receptors,Lipid
Ptgir,prostaglandin I receptor (IP),Gs,,Prostanoid receptors,Lipid
Pth1r,parathyroid hormone 1 receptor,Gs,,Parathyroid hormone receptors,Neuropeptide
Pth2r,parathyroid hormone 2 receptor,,,Parathyroid hormone receptors,Neuropeptide
Qrfpr,pyroglutamylated RFamide peptide receptor,Gi/o, Gq/11,Peptide P518 receptors,Neuropeptide
Rho,rhodopsin,(transducin),,Opsins,Sensory
Rxfp1,relaxin/insulin-like family peptide receptor 1,Gs, Gi/o,Relaxin family peptide receptors,Neuropeptide
Rxfp2,relaxin/insulin-like family peptide receptor 2,Gs, Gi/o,Relaxin family peptide receptors,Neuropeptide
Rxfp3,relaxin family peptide receptor 3,Gi/o,,Relaxin family peptide receptors,Neuropeptide
Rxfp4,relaxin family peptide receptor 4,Gi/o,,Relaxin family peptide receptors,Neuropeptide
S1pr1,sphingosine-1-phosphate receptor 1,Gi/o,,Lysophospholipid (S1P) receptors,Lipid
S1pr2,sphingosine-1-phosphate receptor 2,Gs," Gq/11, G12/13",Lysophospholipid (S1P) receptors,Lipid
S1pr3,sphingosine-1-phosphate receptor 3,Gi/o," Gq/11, G12/13",Lysophospholipid (S1P) receptors,Lipid
S1pr4,sphingosine-1-phosphate receptor 4,Gi/o, G12/13,Lysophospholipid (S1P) receptors,Lipid
S1pr5,sphingosine-1-phosphate receptor 5,Gi/o, G12/13,Lysophospholipid (S1P) receptors,Lipid
Sctr,secretin receptor,Gs,,Glucagon receptor family,Neuropeptide
Smo,"smoothened, frizzled class receptor",Gi/o, G12/13,Frizzled,Protein
Sstr1,somatostatin receptor 1,Gi/o,,Somatostatin receptors,Neuropeptide
Sstr2,somatostatin receptor 2,Gi/o,,Somatostatin receptors,Neuropeptide
Sstr3,somatostatin receptor 3,Gi/o,,Somatostatin receptors,Neuropeptide
Sstr4,somatostatin receptor 4,Gi/o,,Somatostatin receptors,Neuropeptide
Sstr5,somatostatin receptor 5,Gi/o,,Somatostatin receptors,Neuropeptide
Sucnr1,succinate receptor 1,Gi/o,,Succinate receptors,Alicarboxylic acid
Taar1,trace amine-associated receptor 1,Gs,,Trace amine receptors,Aminergic
Taar2,trace amine-associated receptor 2,,,Class A orphans,
Taar3,trace amine-associated receptor 3,Gs,,Class A orphans,
Taar4,trace amine-associated receptor 4,Gs,,Class A orphans,
Taar5,trace amine-associated receptor 5,,,Class A orphans,
Taar6,trace amine-associated receptor 6,,,Class A orphans,
Taar9,trace amine-associated receptor 9,,,Class A orphans,
Tacr1,tachykinin receptor 1,Gs, Gq/11,Tachykinin receptors,Neuropeptide
Tacr2,tachykinin receptor 2,Gs, Gq/11,Tachykinin receptors,Neuropeptide
Tacr3,tachykinin receptor 3,Gq/11,,Tachykinin receptors,Neuropeptide
Tas1r1,"taste receptor, type 1, member 1",,,Taste 1 receptors,Sensory
Tas1r2,"taste receptor, type 1, member 2",,,Taste 1 receptors,Sensory
Tas1r3,"taste receptor, type 1, member 3",,,Taste 1 receptors,Sensory
Tbxa2r,thromboxane A2 receptor,Gq/11,,Prostanoid receptors,Lipid
Trhr,thyrotropin releasing hormone receptor,Gq/11,,Thyrotropin-releasing hormone receptors,Neuropeptide
Trhr2,thyrotropin releasing hormone receptor 2,Gq/11,,Thyrotropin-releasing hormone receptors,Neuropeptide
Tshr,thyroid stimulating hormone receptor,Gs,,Glycoprotein hormone receptors,Protein
Uts2r,urotensin 2 receptor,Gq/11,,Urotensin receptors,Neuropeptide
Vipr1,vasoactive intestinal peptide receptor 1,Gs,,VIP and PACAP receptors,Neuropeptide
Vipr2,vasoactive intestinal peptide receptor 2,Gs,,VIP and PACAP receptors,Neuropeptide
Xcr1,chemokine (C motif) receptor 1,Gi/o,,Chemokine receptors,Protein