Symbol,Label,Primary Transducer,Family,Ligand Type
Adcyap1r1,adenylate cyclase activating peptide 1 receptor 1,"Gs, Gq/11",VIP and PACAP receptors,Peptide
Adora1,adenosine A1 receptor,Gi/o,Adenosine receptors,Nucleotide
Adora2a,adenosine A2a receptor,Gs,Adenosine receptors,Nucleotide
Adora2b,adenosine A2b receptor,Gs,Adenosine receptors,Nucleotide
Adora3,adenosine A3 receptor,Gi/o,Adenosine receptors,Nucleotide
Adra1a,"adrenergic receptor, alpha 1a",Gq/11,Adrenoceptors,Aminergic
Adra1b,"adrenergic receptor, alpha 1b",Gq/11,Adrenoceptors,Aminergic
Adra1d,"adrenergic receptor, alpha 1d",Gq/11,Adrenoceptors,Aminergic
Adra2a,"adrenergic receptor, alpha 2a",Gi/o,Adrenoceptors,Aminergic
Adra2b,"adrenergic receptor, alpha 2b",Gi/o,Adrenoceptors,Aminergic
Adra2c,"adrenergic receptor, alpha 2c",Gi/o,Adrenoceptors,Aminergic
Adrb1,"adrenergic receptor, beta 1",Gs,Adrenoceptors,Aminergic
Adrb2,"adrenergic receptor, beta 2",Gs,Adrenoceptors,Aminergic
Adrb3,"adrenergic receptor, beta 3",Gs,Adrenoceptors,Aminergic
Agtr1a,"angiotensin II receptor, type 1a","Gi/o, Gq/11",Angiotensin receptors,Peptide
Agtr1b,"angiotensin II receptor, type 1b",Gi/o,Angiotensin receptors,Peptide
Agtr2,"angiotensin II receptor, type 2",Gi/o,Angiotensin receptors,Peptide
Aplnr,apelin receptor,Gi/o,Apelin receptors,Peptide
Avpr1a,arginine vasopressin receptor 1A,Gq/11,Vasopressin and oxytocin receptors,Peptide
Avpr1b,arginine vasopressin receptor 1B,Gq/11,Vasopressin and oxytocin receptors,Peptide
Avpr2,arginine vasopressin receptor 2,Gs,Vasopressin and oxytocin receptors,Peptide
Bdkrb1,"bradykinin receptor, beta 1","Gi/o, Gq/11",Bradykinin receptors,Peptide
Bdkrb2,"bradykinin receptor, beta 2","Gs, Gi/o, Gq/11",Bradykinin receptors,Peptide
Calcr,calcitonin receptor,Gs,Calcitonin receptors,Peptide
Calcrl,calcitonin receptor-like,0,Calcitonin receptors,Peptide
Casr,calcium-sensing receptor,"Gi/o, Gq/11, G12/13",Calcium-sensing receptors,Ion
Cckar,cholecystokinin A receptor,Gq/11,Cholecystokinin receptors,Peptide
Cckbr,cholecystokinin B receptor,Gq/11,Cholecystokinin receptors,Peptide
Chrm1,"cholinergic receptor, muscarinic 1, CNS",Gq/11,Acetylcholine receptors (muscarinic),Aminergic
Chrm2,"cholinergic receptor, muscarinic 2, cardiac",Gi/o,Acetylcholine receptors (muscarinic),Aminergic
Chrm3,"cholinergic receptor, muscarinic 3, cardiac",Gq/11,Acetylcholine receptors (muscarinic),Aminergic
Chrm4,"cholinergic receptor, muscarinic 4",Gi/o,Acetylcholine receptors (muscarinic),Aminergic
Chrm5,"cholinergic receptor, muscarinic 5",Gq/11,Acetylcholine receptors (muscarinic),Aminergic
Cnr1,cannabinoid receptor 1,Gi/o,Cannabinoid receptors,Lipid
Cnr2,cannabinoid receptor 2,Gi/o,Cannabinoid receptors,Lipid
Crhr1,corticotropin releasing hormone receptor 1,Gs,Corticotropin-releasing factor receptors,Peptide
Crhr2,corticotropin releasing hormone receptor 2,Gs,Corticotropin-releasing factor receptors,Peptide
Drd1,dopamine receptor D1,Gs,Dopamine receptors,Aminergic
Drd2,dopamine receptor D2,Gi/o,Dopamine receptors,Aminergic
Drd3,dopamine receptor D3,Gi/o,Dopamine receptors,Aminergic
Drd4,dopamine receptor D4,Gi/o,Dopamine receptors,Aminergic
Drd5,dopamine receptor D5,Gs,Dopamine receptors,Aminergic
Ednra,endothelin receptor type A,Gq/11,Endothelin receptors,Peptide
Ednrb,endothelin receptor type B,"Gs, Gi/o, Gq/11",Endothelin receptors,Peptide
Ffar1,free fatty acid receptor 1,Gq/11,Free fatty acid receptors,Lipid
Ffar2,free fatty acid receptor 2,Gq/11,Free fatty acid receptors,Lipid
Ffar3,free fatty acid receptor 3,Gi/o,Free fatty acid receptors,Lipid
Ffar4,free fatty acid receptor 4,Gq/11,Free fatty acid receptors,Lipid
Fpr1,formyl peptide receptor 1,Gi/o,Formylpeptide receptors,Peptide
Fpr2,formyl peptide receptor 2,Gi/o,Formylpeptide receptors,Peptide
Fpr3,formyl peptide receptor 3,Gi/o,Formylpeptide receptors,Peptide
Fshr,follicle stimulating hormone receptor,"Gs, Gi/o, Gq/11",Glycoprotein hormone receptors,Protein
Fzd1,frizzled class receptor 1,0,Frizzled,Protein
Fzd10,frizzled class receptor 10,0,Frizzled,Protein
Fzd2,frizzled class receptor 2,"Gi/o, G protein (identity unknown)",Frizzled,Protein
Fzd3,frizzled class receptor 3,"Gs, G protein (identity unknown)",Frizzled,Protein
Fzd4,frizzled class receptor 4,G12/13,Frizzled,Protein
Fzd5,frizzled class receptor 5,0,Frizzled,Protein
Fzd6,frizzled class receptor 6,"Gi/o, Gq/11, G protein independent mechanism",Frizzled,Protein
Fzd7,frizzled class receptor 7,"Gs, Gi/o",Frizzled,Protein
Fzd8,frizzled class receptor 8,G protein (identity unknown),Frizzled,Protein
Fzd9,frizzled class receptor 9,Gi/o,Frizzled,Protein
Gabbr1,gamma-aminobutyric acid type B receptor subunit 1,0,GABA<sub>B</sub> receptors,Amino acid
Gabbr2,gamma-aminobutyric acid type B receptor subunit 2,0,GABA<sub>B</sub> receptors,Amino acid
Galr1,galanin receptor 1,Gi/o,Galanin receptors,Peptide
Galr2,galanin receptor 2,Gq/11,Galanin receptors,Peptide
Galr3,galanin receptor 3,Gi/o,Galanin receptors,Peptide
Gcgr,glucagon receptor,Gs,Glucagon receptor family,Peptide
Ghrhr,growth hormone releasing hormone receptor,Gs,Glucagon receptor family,Peptide
Ghsr,growth hormone secretagogue receptor,Gq/11,Ghrelin receptors,Peptide
Gipr,gastric inhibitory polypeptide receptor,Gs,Glucagon receptor family,Peptide
Glp1r,glucagon-like peptide 1 receptor,Gs,Glucagon receptor family,Peptide
Glp2r,glucagon-like peptide 2 receptor,Gs,Glucagon receptor family,Peptide
Gnrhr,gonadotropin releasing hormone receptor,Gq/11,Gonadotrophin-releasing hormone receptors,Peptide
Gpbar1,G protein-coupled bile acid receptor 1,Gs,Bile acid receptors,Steroid
Gper1,G protein-coupled estrogen receptor 1,Gi/o,Estrogen (G protein-coupled) receptors,Steroid
Gpr101,G protein-coupled receptor 101,Gs,Class A orphans,Orphan
Gpr107,G protein-coupled receptor 107,0,Other GPCR orphans,Orphan
Gpr119,G-protein coupled receptor 119,Gs,"GPR18, GPR55 and GPR119",Lipid
Gpr12,G-protein coupled receptor 12,"Gs, Gi/o",Class A orphans,Orphan
Gpr132,G protein-coupled receptor 132,0,Class A orphans,Orphan
Gpr135,G protein-coupled receptor 135,0,Class A orphans,Orphan
Gpr137,G protein-coupled receptor 137,0,Other GPCR orphans,Orphan
Gpr139,G protein-coupled receptor 139,Gq/11,Class A orphans,Orphan
Gpr141,G protein-coupled receptor 141,0,Class A orphans,Orphan
Gpr142,G protein-coupled receptor 142,0,Class A orphans,Orphan
Gpr143,G protein-coupled receptor 143,0,Other GPCR orphans,Orphan
Gpr146,G protein-coupled receptor 146,0,Class A orphans,Orphan
Gpr149,G protein-coupled receptor 149,0,Class A orphans,Orphan
Gpr15,G protein-coupled receptor 15,0,Class A orphans,Orphan
Gpr150,G protein-coupled receptor 150,0,Class A orphans,Orphan
Gpr151,G protein-coupled receptor 151,0,Class A orphans,Orphan
Gpr152,G protein-coupled receptor 152,0,Class A orphans,Orphan
Gpr153,G protein-coupled receptor 153,0,Class A orphans,Orphan
Gpr156,G protein-coupled receptor 156,0,Class C Orphans,Orphan
Gpr157,G protein-coupled receptor 157,0,Other GPCR orphans,Orphan
Gpr158,G protein-coupled receptor 158,0,Class C Orphans,Orphan
Gpr160,G protein-coupled receptor 160,0,Class A orphans,Orphan
Gpr161,G protein-coupled receptor 161,0,Class A orphans,Orphan
Gpr162,G protein-coupled receptor 162,0,Class A orphans,Orphan
Gpr17,G protein-coupled receptor 17,Gi/o,Class A orphans,Orphan
Gpr171,G protein-coupled receptor 171,0,Class A orphans,Orphan
Gpr173,G-protein coupled receptor 173,0,Class A orphans,Orphan
Gpr174,G protein-coupled receptor 174,0,Class A orphans,Orphan
Gpr176,G protein-coupled receptor 176,0,Class A orphans,Orphan
Gpr179,G protein-coupled receptor 179,0,Class C Orphans,Orphan
Gpr18,G protein-coupled receptor 18,"Gi/o, Gq/11","GPR18, GPR55 and GPR119",Lipid
Gpr182,G protein-coupled receptor 182,0,Class A orphans,Orphan
Gpr183,G protein-coupled receptor 183,Gi/o,Class A orphans,Orphan
Gpr19,G protein-coupled receptor 19,0,Class A orphans,Orphan
Gpr20,G protein-coupled receptor 20,Gi/o,Class A orphans,Orphan
Gpr21,G protein-coupled receptor 21,0,Class A orphans,Orphan
Gpr22,G protein-coupled receptor 22,Gi/o,Class A orphans,Orphan
Gpr25,G protein-coupled receptor 25,0,Class A orphans,Orphan
Gpr26,G protein-coupled receptor 26,Gs,Class A orphans,Orphan
Gpr27,G protein-coupled receptor 27,Gq/11,Class A orphans,Orphan
Gpr3,G-protein coupled receptor 3,Gs,Class A orphans,Orphan
Gpr33,G protein-coupled receptor 33,Gi/o,Class A orphans,Orphan
Gpr34,G protein-coupled receptor 34,Gi/o,Class A orphans,Orphan
Gpr35,G protein-coupled receptor 35,0,Class A orphans,Orphan
Gpr37,G protein-coupled receptor 37,Gi/o,Class A orphans,Orphan
Gpr37l1,G protein-coupled receptor 37-like 1,Gi/o,Class A orphans,Orphan
Gpr39,G protein-coupled receptor 39,Gq/11,Class A orphans,Orphan
Gpr4,G protein-coupled receptor 4,"Gs, Gi/o, Gq/11, G12/13",Class A orphans,Orphan
Gpr45,G protein-coupled receptor 45,0,Class A orphans,Orphan
Gpr50,G-protein-coupled receptor 50,0,Class A orphans,Orphan
Gpr52,G protein-coupled receptor 52,0,Class A orphans,Orphan
Gpr55,G protein-coupled receptor 55,"Gq/11, G12/13","GPR18, GPR55 and GPR119",Lipid
Gpr6,G protein-coupled receptor 6,"Gs, Gi/o",Class A orphans,Orphan
Gpr61,G protein-coupled receptor 61,0,Class A orphans,Orphan
Gpr62,G protein-coupled receptor 62,0,Class A orphans,Orphan
Gpr63,G protein-coupled receptor 63,0,Class A orphans,Orphan
Gpr65,G-protein coupled receptor 65,Gs,Class A orphans,Orphan
Gpr68,G protein-coupled receptor 68,"Gi/o, Gq/11",Class A orphans,Orphan
Gpr75,G protein-coupled receptor 75,Gq/11,Class A orphans,Orphan
Gpr82,G protein-coupled receptor 82,0,Class A orphans,Orphan
Gpr83,G protein-coupled receptor 83,0,Class A orphans,Orphan
Gpr84,G protein-coupled receptor 84,Gi/o,Class A orphans,Orphan
Gpr85,G protein-coupled receptor 85,0,Class A orphans,Orphan
Gpr87,G protein-coupled receptor 87,0,Class A orphans,Orphan
Gpr88,G-protein coupled receptor 88,0,Class A orphans,Orphan
Gprc5a,"G protein-coupled receptor, family C, group 5, member A",0,Class C Orphans,Orphan
Gprc5b,"G protein-coupled receptor, family C, group 5, member B",0,Class C Orphans,Orphan
Gprc5c,"G protein-coupled receptor, family C, group 5, member C",0,Class C Orphans,Orphan
Gprc5d,"G protein-coupled receptor, family C, group 5, member D",0,Class C Orphans,Orphan
Gprc6a,"G protein-coupled receptor, family C, group 6, member A",Gq/11,Class C Orphans,Orphan
Grm1,"glutamate receptor, metabotropic 1",Gq/11,Metabotropic glutamate receptors,Amino acid
Grm2,"glutamate receptor, metabotropic 2",Gi/o,Metabotropic glutamate receptors,Amino acid
Grm3,"glutamate receptor, metabotropic 3",Gi/o,Metabotropic glutamate receptors,Amino acid
Grm4,"glutamate receptor, metabotropic 4",Gi/o,Metabotropic glutamate receptors,Amino acid
Grm5,"glutamate receptor, metabotropic 5",Gq/11,Metabotropic glutamate receptors,Amino acid
Grm6,"glutamate receptor, metabotropic 6",Gi/o,Metabotropic glutamate receptors,Amino acid
Grm7,"glutamate receptor, metabotropic 7",Gi/o,Metabotropic glutamate receptors,Amino acid
Grm8,"glutamate receptor, metabotropic 8",Gi/o,Metabotropic glutamate receptors,Amino acid
Grpr,gastrin releasing peptide receptor,Gq/11,Bombesin receptors,Peptide
Hcar1,hydrocarboxylic acid receptor 1,Gi/o,Hydroxycarboxylic acid receptors,Alicarboxylic acid
Hcar2,hydroxycarboxylic acid receptor 2,Gi/o,Hydroxycarboxylic acid receptors,Alicarboxylic acid
Hcrtr1,hypocretin (orexin) receptor 1,"Gs, Gi/o, Gq/11",Orexin receptors,Peptide
Hcrtr2,hypocretin (orexin) receptor 2,"Gs, Gi/o, Gq/11",Orexin receptors,Peptide
Hrh1,histamine receptor H1,Gq/11,Histamine receptors,Aminergic
Hrh2,histamine receptor H2,Gq/11,Histamine receptors,Aminergic
Hrh3,histamine receptor H3,Gi/o,Histamine receptors,Aminergic
Hrh4,histamine receptor H4,Gi/o,Histamine receptors,Aminergic
Htr1a,5-hydroxytryptamine (serotonin) receptor 1A,Gi/o,5-Hydroxytryptamine receptors,Aminergic
Htr1b,5-hydroxytryptamine (serotonin) receptor 1B,Gi/o,5-Hydroxytryptamine receptors,Aminergic
Htr1d,5-hydroxytryptamine (serotonin) receptor 1D,Gi/o,5-Hydroxytryptamine receptors,Aminergic
Htr1f,5-hydroxytryptamine (serotonin) receptor 1F,Gi/o,5-Hydroxytryptamine receptors,Aminergic
Htr2a,5-hydroxytryptamine (serotonin) receptor 2A,Gq/11,5-Hydroxytryptamine receptors,Aminergic
Htr2b,5-hydroxytryptamine (serotonin) receptor 2B,Gq/11,5-Hydroxytryptamine receptors,Aminergic
Htr2c,5-hydroxytryptamine (serotonin) receptor 2C,Gq/11,5-Hydroxytryptamine receptors,Aminergic
Htr4,5 hydroxytryptamine (serotonin) receptor 4,Gs,5-Hydroxytryptamine receptors,Aminergic
Htr5a,5-hydroxytryptamine (serotonin) receptor 5A,Gi/o,5-Hydroxytryptamine receptors,Aminergic
Htr5b,5-hydroxytryptamine (serotonin) receptor 5B,Gi/o,#N/A,#N/A
Htr6,5-hydroxytryptamine (serotonin) receptor 6,Gs,5-Hydroxytryptamine receptors,Aminergic
Htr7,5-hydroxytryptamine (serotonin) receptor 7,Gs,5-Hydroxytryptamine receptors,Aminergic
Kiss1r,KISS1 receptor,Gq/11,Kisspeptin receptors,Peptide
Lgr4,leucine-rich repeat-containing G protein-coupled receptor 4,0,Class A orphans,Orphan
Lgr5,leucine rich repeat containing G protein coupled receptor 5,0,Class A orphans,Orphan
Lgr6,leucine-rich repeat-containing G protein-coupled receptor 6,0,Class A orphans,Orphan
Lhcgr,luteinizing hormone/choriogonadotropin receptor,Gs,Glycoprotein hormone receptors,Protein
Lpar1,lysophosphatidic acid receptor 1,"Gi/o, Gq/11, G12/13",Lysophospholipid (LPA) receptors,Lipid
Lpar2,lysophosphatidic acid receptor 2,"Gi/o, Gq/11, G12/13",Lysophospholipid (LPA) receptors,Lipid
Lpar3,lysophosphatidic acid receptor 3,"Gi/o, Gq/11",Lysophospholipid (LPA) receptors,Lipid
Lpar4,lysophosphatidic acid receptor 4,"Gs, Gi/o, Gq/11, G12/13",Lysophospholipid (LPA) receptors,Lipid
Lpar5,lysophosphatidic acid receptor 5,"Gq/11, G12/13",Lysophospholipid (LPA) receptors,Lipid
Lpar6,lysophosphatidic acid receptor 6,"Gs, Gi/o, G12/13",Lysophospholipid (LPA) receptors,Lipid
Mc1r,melanocortin 1 receptor,Gs,Melanocortin receptors,Peptide
Mc2r,melanocortin 2 receptor,Gs,Melanocortin receptors,Peptide
Mc3r,melanocortin 3 receptor,Gs,Melanocortin receptors,Peptide
Mc4r,melanocortin 4 receptor,Gs,Melanocortin receptors,Peptide
Mc5r,melanocortin 5 receptor,Gs,Melanocortin receptors,Peptide
Mchr1,melanin-concentrating hormone receptor 1,"Gs, Gi/o, Gq/11",Melanin-concentrating hormone,Peptide
Mrgprd,"MAS-related GPR, member D","Gi/o, Gq/11",Class A orphans,Orphan
Mrgpre,"MAS-related GPR, member E",0,Class A orphans,Orphan
Mrgprf,"MAS-related GPR, member F",0,Class A orphans,Orphan
Mrgprg,"MAS-related GPR, member G",0,Class A orphans,Orphan
Mtnr1a,melatonin receptor 1A,Gi/o,Melatonin,Melatonin
Mtnr1b,melatonin receptor 1B,Gi/o,Melatonin,Melatonin
Nmbr,neuromedin B receptor,Gq/11,Bombesin receptors,Peptide
Nmur1,neuromedin U receptor 1,Gq/11,Neuromedin U receptors,Peptide
Nmur2,neuromedin U receptor 2,Gq/11,Neuromedin U receptors,Peptide
Npbwr1,neuropeptides B/W receptor 1,Gi/o,Neuropeptide W/neuropeptide B receptors,Peptide
Npffr1,neuropeptide FF receptor 1,Gi/o,Neuropeptide FF/neuropeptide AF receptors,Peptide
Npffr2,neuropeptide FF receptor 2,Gi/o,Neuropeptide FF/neuropeptide AF receptors,Peptide
Npsr1,neuropeptide S receptor 1,Gq/11,Neuropeptide S receptors,Peptide
Npy1r,neuropeptide Y receptor Y1,Gi/o,Neuropeptide Y receptors,Peptide
Npy2r,neuropeptide Y receptor Y2,Gi/o,Neuropeptide Y receptors,Peptide
Npy4r,neuropeptide Y receptor Y4,Gi/o,Neuropeptide Y receptors,Peptide
Npy5r,neuropeptide Y receptor Y5,Gi/o,Neuropeptide Y receptors,Peptide
Npy6r,neuropeptide Y receptor Y6,0,Neuropeptide Y receptors,Peptide
Ntsr1,neurotensin receptor 1,Gq/11,Neurotensin receptors,Peptide
Ntsr2,neurotensin receptor 2,Gq/11,Neurotensin receptors,Peptide
Opn1mw,"opsin 1 (cone pigments), medium-wave-sensitive (color blindness, deutan)",0,Opsins,Sensory
Opn1sw,"opsin 1 (cone pigments), short-wave-sensitive (color blindness, tritan)",0,Opsins,Sensory
Opn3,opsin 3,0,Opsins,Sensory
Opn4,opsin 4 (melanopsin),"Gi/o, Gq/11",Opsins,Sensory
Opn5,opsin 5,Gi/o,Opsins,Sensory
Oprd1,"opioid receptor, delta 1",Gi/o,Opioid receptors,Peptide
Oprk1,"opioid receptor, kappa 1",Gi/o,Opioid receptors,Peptide
Oprl1,opioid receptor-like 1,Gi/o,Opioid receptors,Peptide
Oprm1,"opioid receptor, mu 1",Gi/o,Opioid receptors,Peptide
Oxgr1,oxoglutarate (alpha-ketoglutarate) receptor 1,Gq/11,Oxoglutarate receptors,Alicarboxylic acid
Oxtr,oxytocin receptor,Gq/11,Vasopressin and oxytocin receptors,Peptide
P2ry1,"purinergic receptor P2Y, G-protein coupled 1",Gq/11,P2Y receptors,Nucleotide
P2ry10,"purinergic receptor P2Y, G-protein coupled 10",0,Class A orphans,Orphan
P2ry12,"purinergic receptor P2Y, G-protein coupled 12",0,P2Y receptors,Nucleotide
P2ry13,"purinergic receptor P2Y, G-protein coupled 13",Gi/o,P2Y receptors,Nucleotide
P2ry14,"purinergic receptor P2Y, G-protein coupled, 14",Gi/o,P2Y receptors,Nucleotide
P2ry2,"purinergic receptor P2Y, G-protein coupled 2",Gq/11,P2Y receptors,Nucleotide
P2ry4,"pyrimidinergic receptor P2Y, G-protein coupled, 4",Gq/11,P2Y receptors,Nucleotide
P2ry6,"pyrimidinergic receptor P2Y, G-protein coupled, 6",Gq/11,P2Y receptors,Nucleotide
Prlhr,prolactin releasing hormone receptor,0,Prolactin-releasing peptide receptors,Peptide
Prokr1,prokineticin receptor 1,Gq/11,Prokineticin receptors,Protein
Prokr2,prokineticin receptor 2,Gq/11,Prokineticin receptors,Protein
Ptafr,platelet-activating factor receptor,"Gi/o, Gq/11, G protein independent mechanism",Platelet-activating factor receptors,Lipid
Ptgdr,prostaglandin D receptor,Gs,Prostanoid receptors,Lipid
Ptgdr2,prostaglandin D2 receptor 2,Gi/o,Prostanoid receptors,Lipid
Ptger1,prostaglandin E receptor 1 (subtype EP1),Gq/11,Prostanoid receptors,Lipid
Ptger2,prostaglandin E receptor 2 (subtype EP2),Gs,Prostanoid receptors,Lipid
Ptger3,prostaglandin E receptor 3 (subtype EP3),Gi/o,Prostanoid receptors,Lipid
Ptger4,prostaglandin E receptor 4 (subtype EP4),Gs,Prostanoid receptors,Lipid
Ptgfr,prostaglandin F receptor,Gq/11,Prostanoid receptors,Lipid
Ptgir,prostaglandin I receptor (IP),Gs,Prostanoid receptors,Lipid
Pth1r,parathyroid hormone 1 receptor,Gs,Parathyroid hormone receptors,Peptide
Pth2r,parathyroid hormone 2 receptor,0,Parathyroid hormone receptors,Peptide
Qrfpr,pyroglutamylated RFamide peptide receptor,"Gi/o, Gq/11",Peptide P518 receptors,Peptide
Rho,rhodopsin,0,Opsins,Sensory
Rxfp1,relaxin/insulin-like family peptide receptor 1,"Gs, Gi/o",Relaxin family peptide receptors,Peptide
Rxfp2,relaxin/insulin-like family peptide receptor 2,"Gs, Gi/o",Relaxin family peptide receptors,Peptide
Rxfp3,relaxin family peptide receptor 3,Gi/o,Relaxin family peptide receptors,Peptide
Rxfp4,relaxin family peptide receptor 4,Gi/o,Relaxin family peptide receptors,Peptide
S1pr1,sphingosine-1-phosphate receptor 1,Gi/o,Lysophospholipid (S1P) receptors,Lipid
S1pr2,sphingosine-1-phosphate receptor 2,"Gs, Gq/11, G12/13",Lysophospholipid (S1P) receptors,Lipid
S1pr3,sphingosine-1-phosphate receptor 3,"Gi/o, Gq/11, G12/13",Lysophospholipid (S1P) receptors,Lipid
S1pr4,sphingosine-1-phosphate receptor 4,"Gi/o, G12/13",Lysophospholipid (S1P) receptors,Lipid
S1pr5,sphingosine-1-phosphate receptor 5,"Gi/o, G12/13",Lysophospholipid (S1P) receptors,Lipid
Sctr,secretin receptor,Gs,Glucagon receptor family,Peptide
Smo,"smoothened, frizzled class receptor","Gi/o, G12/13",Frizzled,Protein
Sstr1,somatostatin receptor 1,Gi/o,Somatostatin receptors,Peptide
Sstr2,somatostatin receptor 2,Gi/o,Somatostatin receptors,Peptide
Sstr3,somatostatin receptor 3,Gi/o,Somatostatin receptors,Peptide
Sstr4,somatostatin receptor 4,Gi/o,Somatostatin receptors,Peptide
Sstr5,somatostatin receptor 5,Gi/o,Somatostatin receptors,Peptide
Sucnr1,succinate receptor 1,Gi/o,Succinate receptors,Alicarboxylic acid
Taar1,trace amine-associated receptor 1,Gs,Trace amine receptors,Aminergic
Taar2,trace amine-associated receptor 2,0,Class A orphans,Orphan
Taar3,trace amine-associated receptor 3,Gs,Class A orphans,Orphan
Taar4,trace amine-associated receptor 4,Gs,Class A orphans,Orphan
Taar5,trace amine-associated receptor 5,0,Class A orphans,Orphan
Taar6,trace amine-associated receptor 6,0,Class A orphans,Orphan
Taar9,trace amine-associated receptor 9,0,Class A orphans,Orphan
Tacr1,tachykinin receptor 1,"Gs, Gq/11",Tachykinin receptors,Peptide
Tacr2,tachykinin receptor 2,"Gs, Gq/11",Tachykinin receptors,Peptide
Tacr3,tachykinin receptor 3,Gq/11,Tachykinin receptors,Peptide
Tas1r1,"taste receptor, type 1, member 1",0,Taste 1 receptors,Sensory
Tas1r2,"taste receptor, type 1, member 2",0,Taste 1 receptors,Sensory
Tas1r3,"taste receptor, type 1, member 3",0,Taste 1 receptors,Sensory
Tbxa2r,thromboxane A2 receptor,Gq/11,Prostanoid receptors,Lipid
Trhr,thyrotropin releasing hormone receptor,Gq/11,Thyrotropin-releasing hormone receptors,Peptide
Trhr2,thyrotropin releasing hormone receptor 2,Gq/11,Thyrotropin-releasing hormone receptors,Peptide
Tshr,thyroid stimulating hormone receptor,Gs,Glycoprotein hormone receptors,Protein
Uts2r,urotensin 2 receptor,Gq/11,Urotensin receptors,Peptide
Vipr1,vasoactive intestinal peptide receptor 1,Gs,VIP and PACAP receptors,Peptide
Vipr2,vasoactive intestinal peptide receptor 2,Gs,VIP and PACAP receptors,Peptide
Xcr1,chemokine (C motif) receptor 1,Gi/o,Chemokine receptors,Protein