Symbol,Label
Adora1,adenosine A1 receptor
Adora3,adenosine A3 receptor
Adra2a,"adrenergic receptor, alpha 2a"
Adra2b,"adrenergic receptor, alpha 2b"
Adra2c,"adrenergic receptor, alpha 2c"
Agtr1a,"angiotensin II receptor, type 1a"
Agtr1b,"angiotensin II receptor, type 1b"
Agtr2,"angiotensin II receptor, type 2"
Aplnr,apelin receptor
Bdkrb1,"bradykinin receptor, beta 1"
Casr,calcium-sensing receptor
Chrm2,"cholinergic receptor, muscarinic 2, cardiac"
Chrm4,"cholinergic receptor, muscarinic 4"
Cnr1,cannabinoid receptor 1
Cnr2,cannabinoid receptor 2
Drd2,dopamine receptor D2
Drd3,dopamine receptor D3
Drd4,dopamine receptor D4
Ffar3,free fatty acid receptor 3
Fpr1,formyl peptide receptor 1
Fpr2,formyl peptide receptor 2
Fpr3,formyl peptide receptor 3
Fzd2,frizzled class receptor 2
Fzd6,frizzled class receptor 6
Fzd9,frizzled class receptor 9
Gabbr1,gamma-aminobutyric acid type B receptor subunit 1
Gabbr2,gamma-aminobutyric acid type B receptor subunit 2
Galr1,galanin receptor 1
Galr3,galanin receptor 3
Gper1,G protein-coupled estrogen receptor 1
Gpr17,G protein-coupled receptor 17
Gpr18,G protein-coupled receptor 18
Gpr183,G protein-coupled receptor 183
Gpr20,G protein-coupled receptor 20
Gpr22,G protein-coupled receptor 22
Gpr33,G protein-coupled receptor 33
Gpr34,G protein-coupled receptor 34
Gpr37,G protein-coupled receptor 37
Gpr37l1,G protein-coupled receptor 37-like 1
Gpr68,G protein-coupled receptor 68
Gpr84,G protein-coupled receptor 84
Grm2,"glutamate receptor, metabotropic 2"
Grm3,"glutamate receptor, metabotropic 3"
Grm4,"glutamate receptor, metabotropic 4"
Grm6,"glutamate receptor, metabotropic 6"
Grm7,"glutamate receptor, metabotropic 7"
Grm8,"glutamate receptor, metabotropic 8"
Hcar1,hydrocarboxylic acid receptor 1
Hcar2,hydroxycarboxylic acid receptor 2
Hrh3,histamine receptor H3
Hrh4,histamine receptor H4
Htr1a,5-hydroxytryptamine (serotonin) receptor 1A
Htr1b,5-hydroxytryptamine (serotonin) receptor 1B
Htr1d,5-hydroxytryptamine (serotonin) receptor 1D
Htr1f,5-hydroxytryptamine (serotonin) receptor 1F
Htr5a,5-hydroxytryptamine (serotonin) receptor 5A
Htr5b,5-hydroxytryptamine (serotonin) receptor 5B
Lpar1,lysophosphatidic acid receptor 1
Lpar2,lysophosphatidic acid receptor 2
Lpar3,lysophosphatidic acid receptor 3
Mrgprd,"MAS-related GPR, member D"
Mtnr1a,melatonin receptor 1A
Mtnr1b,melatonin receptor 1B
Npbwr1,neuropeptides B/W receptor 1
Npffr1,neuropeptide FF receptor 1
Npffr2,neuropeptide FF receptor 2
Npy1r,neuropeptide Y receptor Y1
Npy2r,neuropeptide Y receptor Y2
Npy4r,neuropeptide Y receptor Y4
Npy5r,neuropeptide Y receptor Y5
Opn4,opsin 4 (melanopsin)
Opn5,opsin 5
Oprd1,"opioid receptor, delta 1"
Oprk1,"opioid receptor, kappa 1"
Oprl1,opioid receptor-like 1
Oprm1,"opioid receptor, mu 1"
P2ry10,"purinergic receptor P2Y, G-protein coupled 10"
P2ry12,"purinergic receptor P2Y, G-protein coupled 12"
P2ry13,"purinergic receptor P2Y, G-protein coupled 13"
P2ry14,"purinergic receptor P2Y, G-protein coupled, 14"
Ptafr,platelet-activating factor receptor
Ptgdr2,prostaglandin D2 receptor 2
Ptger3,prostaglandin E receptor 3 (subtype EP3)
Qrfpr,pyroglutamylated RFamide peptide receptor
Rxfp3,relaxin family peptide receptor 3
Rxfp4,relaxin family peptide receptor 4
S1pr1,sphingosine-1-phosphate receptor 1
S1pr3,sphingosine-1-phosphate receptor 3
S1pr4,sphingosine-1-phosphate receptor 4
S1pr5,sphingosine-1-phosphate receptor 5
Smo,"smoothened, frizzled class receptor"
Sstr1,somatostatin receptor 1
Sstr2,somatostatin receptor 2
Sstr3,somatostatin receptor 3
Sstr4,somatostatin receptor 4
Sstr5,somatostatin receptor 5
Sucnr1,succinate receptor 1
Xcr1,chemokine (C motif) receptor 1