Symbol,Label
Adora1,adenosine A1 receptor
Adora2a,adenosine A2a receptor
Adora2b,adenosine A2b receptor
Adora3,adenosine A3 receptor
Casr,calcium-sensing receptor
Chrm1,"cholinergic receptor, muscarinic 1, CNS"
Chrm2,"cholinergic receptor, muscarinic 2, cardiac"
Chrm3,"cholinergic receptor, muscarinic 3, cardiac"
Chrm4,"cholinergic receptor, muscarinic 4"
Chrm5,"cholinergic receptor, muscarinic 5"
Cnr1,cannabinoid receptor 1
Cnr2,cannabinoid receptor 2
Ffar1,free fatty acid receptor 1
Ffar2,free fatty acid receptor 2
Ffar3,free fatty acid receptor 3
Ffar4,free fatty acid receptor 4
Fpr1,formyl peptide receptor 1
Fpr2,formyl peptide receptor 2
Fpr3,formyl peptide receptor 3
Fshr,follicle stimulating hormone receptor
Fzd1,frizzled class receptor 1
Fzd10,frizzled class receptor 10
Fzd2,frizzled class receptor 2
Fzd3,frizzled class receptor 3
Fzd4,frizzled class receptor 4
Fzd5,frizzled class receptor 5
Fzd6,frizzled class receptor 6
Fzd7,frizzled class receptor 7
Fzd8,frizzled class receptor 8
Fzd9,frizzled class receptor 9
Gabbr1,gamma-aminobutyric acid type B receptor subunit 1
Gabbr2,gamma-aminobutyric acid type B receptor subunit 2
Gpbar1,G protein-coupled bile acid receptor 1
Gper1,G protein-coupled estrogen receptor 1
Gpr101,G protein-coupled receptor 101
Gpr107,G protein-coupled receptor 107
Gpr119,G-protein coupled receptor 119
Gpr12,G-protein coupled receptor 12
Gpr132,G protein-coupled receptor 132
Gpr135,G protein-coupled receptor 135
Gpr137,G protein-coupled receptor 137
Gpr139,G protein-coupled receptor 139
Gpr141,G protein-coupled receptor 141
Gpr142,G protein-coupled receptor 142
Gpr143,G protein-coupled receptor 143
Gpr146,G protein-coupled receptor 146
Gpr149,G protein-coupled receptor 149
Gpr15,G protein-coupled receptor 15
Gpr150,G protein-coupled receptor 150
Gpr151,G protein-coupled receptor 151
Gpr152,G protein-coupled receptor 152
Gpr153,G protein-coupled receptor 153
Gpr156,G protein-coupled receptor 156
Gpr157,G protein-coupled receptor 157
Gpr158,G protein-coupled receptor 158
Gpr160,G protein-coupled receptor 160
Gpr161,G protein-coupled receptor 161
Gpr162,G protein-coupled receptor 162
Gpr17,G protein-coupled receptor 17
Gpr171,G protein-coupled receptor 171
Gpr173,G-protein coupled receptor 173
Gpr174,G protein-coupled receptor 174
Gpr176,G protein-coupled receptor 176
Gpr179,G protein-coupled receptor 179
Gpr18,G protein-coupled receptor 18
Gpr182,G protein-coupled receptor 182
Gpr183,G protein-coupled receptor 183
Gpr19,G protein-coupled receptor 19
Gpr20,G protein-coupled receptor 20
Gpr21,G protein-coupled receptor 21
Gpr22,G protein-coupled receptor 22
Gpr25,G protein-coupled receptor 25
Gpr26,G protein-coupled receptor 26
Gpr27,G protein-coupled receptor 27
Gpr3,G-protein coupled receptor 3
Gpr33,G protein-coupled receptor 33
Gpr34,G protein-coupled receptor 34
Gpr35,G protein-coupled receptor 35
Gpr37,G protein-coupled receptor 37
Gpr37l1,G protein-coupled receptor 37-like 1
Gpr39,G protein-coupled receptor 39
Gpr4,G protein-coupled receptor 4
Gpr45,G protein-coupled receptor 45
Gpr50,G-protein-coupled receptor 50
Gpr52,G protein-coupled receptor 52
Gpr55,G protein-coupled receptor 55
Gpr6,G protein-coupled receptor 6
Gpr61,G protein-coupled receptor 61
Gpr62,G protein-coupled receptor 62
Gpr63,G protein-coupled receptor 63
Gpr65,G-protein coupled receptor 65
Gpr68,G protein-coupled receptor 68
Gpr75,G protein-coupled receptor 75
Gpr82,G protein-coupled receptor 82
Gpr83,G protein-coupled receptor 83
Gpr84,G protein-coupled receptor 84
Gpr85,G protein-coupled receptor 85
Gpr87,G protein-coupled receptor 87
Gpr88,G-protein coupled receptor 88
Gprc5a,"G protein-coupled receptor, family C, group 5, member A"
Gprc5b,"G protein-coupled receptor, family C, group 5, member B"
Gprc5c,"G protein-coupled receptor, family C, group 5, member C"
Gprc5d,"G protein-coupled receptor, family C, group 5, member D"
Gprc6a,"G protein-coupled receptor, family C, group 6, member A"
Grm1,"glutamate receptor, metabotropic 1"
Grm2,"glutamate receptor, metabotropic 2"
Grm3,"glutamate receptor, metabotropic 3"
Grm4,"glutamate receptor, metabotropic 4"
Grm5,"glutamate receptor, metabotropic 5"
Grm6,"glutamate receptor, metabotropic 6"
Grm7,"glutamate receptor, metabotropic 7"
Grm8,"glutamate receptor, metabotropic 8"
Hcar1,hydrocarboxylic acid receptor 1
Hcar2,hydroxycarboxylic acid receptor 2
Hrh1,histamine receptor H1
Hrh2,histamine receptor H2
Hrh3,histamine receptor H3
Hrh4,histamine receptor H4
Htr1a,5-hydroxytryptamine (serotonin) receptor 1A
Htr1b,5-hydroxytryptamine (serotonin) receptor 1B
Htr1d,5-hydroxytryptamine (serotonin) receptor 1D
Htr1f,5-hydroxytryptamine (serotonin) receptor 1F
Htr2a,5-hydroxytryptamine (serotonin) receptor 2A
Htr2b,5-hydroxytryptamine (serotonin) receptor 2B
Htr2c,5-hydroxytryptamine (serotonin) receptor 2C
Htr3a,5-hydroxytryptamine (serotonin) receptor 3A
Htr3b,5-hydroxytryptamine (serotonin) receptor 3B
Htr4,5 hydroxytryptamine (serotonin) receptor 4
Htr5a,5-hydroxytryptamine (serotonin) receptor 5A
Htr5b,5-hydroxytryptamine (serotonin) receptor 5B
Htr6,5-hydroxytryptamine (serotonin) receptor 6
Htr7,5-hydroxytryptamine (serotonin) receptor 7
Kiss1r,KISS1 receptor
Lgr4,leucine-rich repeat-containing G protein-coupled receptor 4
Lgr5,leucine rich repeat containing G protein coupled receptor 5
Lgr6,leucine-rich repeat-containing G protein-coupled receptor 6
Lhcgr,luteinizing hormone/choriogonadotropin receptor
Lpar1,lysophosphatidic acid receptor 1
Lpar2,lysophosphatidic acid receptor 2
Lpar3,lysophosphatidic acid receptor 3
Lpar4,lysophosphatidic acid receptor 4
Lpar5,lysophosphatidic acid receptor 5
Lpar6,lysophosphatidic acid receptor 6
Mrgprd,"MAS-related GPR, member D"
Mrgpre,"MAS-related GPR, member E"
Mrgprf,"MAS-related GPR, member F"
Mrgprg,"MAS-related GPR, member G"
Mtnr1a,melatonin receptor 1A
Mtnr1b,melatonin receptor 1B
Myc,myelocytomatosis oncogene
Nmb,neuromedin B
Nmbr,neuromedin B receptor
Nms,neuromedin S
Nmu,neuromedin U
Nmur1,neuromedin U receptor 1
Nmur2,neuromedin U receptor 2
Npbwr1,neuropeptides B/W receptor 1
Npffr1,neuropeptide FF receptor 1
Npffr2,neuropeptide FF receptor 2
Npsr1,neuropeptide S receptor 1
Npy1r,neuropeptide Y receptor Y1
Npy2r,neuropeptide Y receptor Y2
Npy4r,neuropeptide Y receptor Y4
Npy5r,neuropeptide Y receptor Y5
Npy6r,neuropeptide Y receptor Y6
Ntsr1,neurotensin receptor 1
Ntsr2,neurotensin receptor 2
Opn1mw,"opsin 1 (cone pigments), medium-wave-sensitive (color blindness, deutan)"
Opn1sw,"opsin 1 (cone pigments), short-wave-sensitive (color blindness, tritan)"
Opn3,opsin 3
Opn4,opsin 4 (melanopsin)
Opn5,opsin 5
Oprd1,"opioid receptor, delta 1"
Oprk1,"opioid receptor, kappa 1"
Oprl1,opioid receptor-like 1
Oprm1,"opioid receptor, mu 1"
Oxgr1,oxoglutarate (alpha-ketoglutarate) receptor 1
Oxtr,oxytocin receptor
P2ry1,"purinergic receptor P2Y, G-protein coupled 1"
P2ry10,"purinergic receptor P2Y, G-protein coupled 10"
P2ry12,"purinergic receptor P2Y, G-protein coupled 12"
P2ry13,"purinergic receptor P2Y, G-protein coupled 13"
P2ry14,"purinergic receptor P2Y, G-protein coupled, 14"
P2ry2,"purinergic receptor P2Y, G-protein coupled 2"
P2ry4,"pyrimidinergic receptor P2Y, G-protein coupled, 4"
P2ry6,"pyrimidinergic receptor P2Y, G-protein coupled, 6"
Plk2,polo like kinase 2
Pmch,pro-melanin-concentrating hormone
Pnoc,prepronociceptin
Pomc,pro-opiomelanocortin-alpha
Ppp1r1b,"protein phosphatase 1, regulatory inhibitor subunit 1B"
Ppy,pancreatic polypeptide
Prl,prolactin
Prlh,prolactin releasing hormone
Prlhr,prolactin releasing hormone receptor
Prokr1,prokineticin receptor 1
Prokr2,prokineticin receptor 2
Ptafr,platelet-activating factor receptor
Ptgdr,prostaglandin D receptor
Ptgdr2,prostaglandin D2 receptor 2
Ptger1,prostaglandin E receptor 1 (subtype EP1)
Ptger2,prostaglandin E receptor 2 (subtype EP2)
Ptger3,prostaglandin E receptor 3 (subtype EP3)
Ptger4,prostaglandin E receptor 4 (subtype EP4)
Ptgfr,prostaglandin F receptor
Ptgir,prostaglandin I receptor (IP)
Ptgs2,prostaglandin-endoperoxide synthase 2
Pth1r,parathyroid hormone 1 receptor
Pth2r,parathyroid hormone 2 receptor
Pthlh,parathyroid hormone-like peptide
Pvalb,parvalbumin
Pyy,peptide YY
Qrfpr,pyroglutamylated RFamide peptide receptor
Retn,resistin
Retnlb,resistin like beta
Rheb,Ras homolog enriched in brain
Rho,rhodopsin
Rln1,relaxin 1
Rln3,relaxin 3
Rxfp1,relaxin/insulin-like family peptide receptor 1
Rxfp2,relaxin/insulin-like family peptide receptor 2
Rxfp3,relaxin family peptide receptor 3
Rxfp4,relaxin family peptide receptor 4
S1pr1,sphingosine-1-phosphate receptor 1
S1pr2,sphingosine-1-phosphate receptor 2
S1pr3,sphingosine-1-phosphate receptor 3
S1pr4,sphingosine-1-phosphate receptor 4
S1pr5,sphingosine-1-phosphate receptor 5
Scg2,secretogranin II
Scg3,secretogranin III
Scg5,secretogranin V
Scn10a,"sodium channel, voltage-gated, type X, alpha"
Scn11a,"sodium channel, voltage-gated, type XI, alpha"
Scn1a,"sodium channel, voltage-gated, type I, alpha"
Scn1b,"sodium channel, voltage-gated, type I, beta"
Scn2b,"sodium channel, voltage-gated, type II, beta"
Scn3a,"sodium channel, voltage-gated, type III, alpha"
Scn3b,"sodium channel, voltage-gated, type III, beta"
Scn4a,"sodium channel, voltage-gated, type IV, alpha"
Scn4b,"sodium channel, type IV, beta"
Scn5a,"sodium channel, voltage-gated, type V, alpha"
Scn7a,"sodium channel, voltage-gated, type VII, alpha"
Scn8a,"sodium channel, voltage-gated, type VIII, alpha"
Scn9a,"sodium channel, voltage-gated, type IX, alpha"
Scnm1,sodium channel modifier 1
Sct,secretin
Sctr,secretin receptor
Slc6a12,"solute carrier family 6 (neurotransmitter transporter, betaine/GABA), member 12"
Smo,"smoothened, frizzled class receptor"
Src,Rous sarcoma oncogene
Sst,somatostatin
Sstr1,somatostatin receptor 1
Sstr2,somatostatin receptor 2
Sstr3,somatostatin receptor 3
Sstr4,somatostatin receptor 4
Sstr5,somatostatin receptor 5
Sucnr1,succinate receptor 1
Taar1,trace amine-associated receptor 1
Taar2,trace amine-associated receptor 2
Taar3,trace amine-associated receptor 3
Taar4,trace amine-associated receptor 4
Taar5,trace amine-associated receptor 5
Taar6,trace amine-associated receptor 6
Taar8a,trace amine-associated receptor 8A
Taar9,trace amine-associated receptor 9
Tac1,tachykinin 1
Tac2,tachykinin 2
Tacr1,tachykinin receptor 1
Tacr2,tachykinin receptor 2
Tacr3,tachykinin receptor 3
Tas1r1,"taste receptor, type 1, member 1"
Tas1r2,"taste receptor, type 1, member 2"
Tas1r3,"taste receptor, type 1, member 3"
Tbxa2r,thromboxane A2 receptor
Tpra1,"transmembrane protein, adipocyte asscociated 1"
Trh,thyrotropin releasing hormone
Trhr,thyrotropin releasing hormone receptor
Trhr2,thyrotropin releasing hormone receptor 2
Trp53,transformation related protein 53
Trp53bp1,transformation related protein 53 binding protein 1
Trp53bp2,transformation related protein 53 binding protein 2
Trp53i11,transformation related protein 53 inducible protein 11
Trp53i13,transformation related protein 53 inducible protein 13
Trp53inp1,transformation related protein 53 inducible nuclear protein 1
Trp53inp2,transformation related protein 53 inducible nuclear protein 2
Trp53tg5,transformation related protein 53 target 5
Trp63,transformation related protein 63
Trp73,transformation related protein 73
Trpa1,"transient receptor potential cation channel, subfamily A, member 1"
Trpc1,"transient receptor potential cation channel, subfamily C, member 1"
Trpc3,"transient receptor potential cation channel, subfamily C, member 3"
Trpc4,"transient receptor potential cation channel, subfamily C, member 4"
Trpc4ap,"transient receptor potential cation channel, subfamily C, member 4 associated protein"
Trpc5,"transient receptor potential cation channel, subfamily C, member 5"
Trpc5os,"transient receptor potential cation channel, subfamily C, member 5, opposite strand"
Trpc6,"transient receptor potential cation channel, subfamily C, member 6"
Trpc7,"transient receptor potential cation channel, subfamily C, member 7"
Trpd52l3,tumor protein D52-like 3
Trpm1,"transient receptor potential cation channel, subfamily M, member 1"
Trpm2,"transient receptor potential cation channel, subfamily M, member 2"
Trpm3,"transient receptor potential cation channel, subfamily M, member 3"
Trpm4,"transient receptor potential cation channel, subfamily M, member 4"
Trpm5,"transient receptor potential cation channel, subfamily M, member 5"
Trpm6,"transient receptor potential cation channel, subfamily M, member 6"
Trpm7,"transient receptor potential cation channel, subfamily M, member 7"
Trpm8,"transient receptor potential cation channel, subfamily M, member 8"
Trps1,transcriptional repressor GATA binding 1
Trpt1,tRNA phosphotransferase 1
Trpv1,"transient receptor potential cation channel, subfamily V, member 1"
Trpv2,"transient receptor potential cation channel, subfamily V, member 2"
Trpv3,"transient receptor potential cation channel, subfamily V, member 3"
Trpv4,"transient receptor potential cation channel, subfamily V, member 4"
Trpv5,"transient receptor potential cation channel, subfamily V, member 5"
Trpv6,"transient receptor potential cation channel, subfamily V, member 6"
Tshr,thyroid stimulating hormone receptor
Ubl5,ubiquitin-like 5
Ucn,urocortin
Ucn2,urocortin 2
Ucn3,urocortin 3
Uts2,urotensin 2
Uts2b,urotensin 2B
Uts2r,urotensin 2 receptor
Vgf,VGF nerve growth factor inducible
Vip,vasoactive intestinal polypeptide
Vipr1,vasoactive intestinal peptide receptor 1
Vipr2,vasoactive intestinal peptide receptor 2
Xcr1,chemokine (C motif) receptor 1