Symbol,Label
Adra1a,"adrenergic receptor, alpha 1a"
Adra1b,"adrenergic receptor, alpha 1b"
Adra1d,"adrenergic receptor, alpha 1d"
Adra2a,"adrenergic receptor, alpha 2a"
Adra2b,"adrenergic receptor, alpha 2b"
Adra2c,"adrenergic receptor, alpha 2c"
Adrb1,"adrenergic receptor, beta 1"
Adrb2,"adrenergic receptor, beta 2"
Adrb3,"adrenergic receptor, beta 3"
Drd1,dopamine receptor D1
Drd2,dopamine receptor D2
Drd3,dopamine receptor D3
Drd4,dopamine receptor D4
Drd5,dopamine receptor D5
Htr1a,5-hydroxytryptamine (serotonin) receptor 1A
Htr1b,5-hydroxytryptamine (serotonin) receptor 1B
Htr1d,5-hydroxytryptamine (serotonin) receptor 1D
Htr1f,5-hydroxytryptamine (serotonin) receptor 1F
Htr2a,5-hydroxytryptamine (serotonin) receptor 2A
Htr2b,5-hydroxytryptamine (serotonin) receptor 2B
Htr2c,5-hydroxytryptamine (serotonin) receptor 2C
Htr3a,5-hydroxytryptamine (serotonin) receptor 3A
Htr3b,5-hydroxytryptamine (serotonin) receptor 3B
Htr4,5 hydroxytryptamine (serotonin) receptor 4
Htr5a,5-hydroxytryptamine (serotonin) receptor 5A
Htr5b,5-hydroxytryptamine (serotonin) receptor 5B
Htr6,5-hydroxytryptamine (serotonin) receptor 6
Htr7,5-hydroxytryptamine (serotonin) receptor 7