Pair ID,NPP,NPP Name,NP-GPCR,Receptor Name,Class
1,Adcyap1,adenylate cyclase activating polypeptide 1,Adcyap1r1,Adenylate Cyclase Activating Peptide 1 Receptor 1,S
2,Adcyap1,adenylate cyclase activating polypeptide 1,Vipr1,Vasoactive Intestinal Peptide Receptor 1,S
3,Adm,adrenomedullin,Calcrl,Calcitonin Receptor-Like,S
4,Adm2,adrenomedullin 2,Calcr,Calcitonin Receptor,Q
5,Adm2,adrenomedullin 2,Calcrl,Calcitonin Receptor-Like,S
6,Agrp,agouti related neuropeptide,Mc3r,Melanocortin 3 Receptor,S
7,Agrp,agouti related neuropeptide,Mc4r,Melanocortin 4 Receptor,S
8,Agt,angiotensinogen,Agtr1a,"Angiotensin II Receptor, Type 1a",I
9,Agt,angiotensinogen,Agtr2,"Angiotensin Ii Receptor, Type 2",I
10,Agt,angiotensinogen,Agtr1b,"Angiotensin II Receptor, Type 1b",I
11,Apln,apelin,Aplnr,Apelin receoptor,I
12,Avp,arginine vasopressin,Avpr1a,Arginine Vasopressin Receptor 1a,Q
13,Avp,arginine vasopressin,Oxtr,Oxytocin Receptor,Q
14,Avp,arginine vasopressin,Avpr1b,Arginine Vasopressin Receptor 1B,Q
15,Avp,arginine vasopressin,Avpr2,Arginine Vasopressin Receptor 2,S
16,Calca,"calcitonin/calcitonin-related polypeptide, alpha",Calcrl,Calcitonin Receptor-Like,S
17,Calcb,"calcitonin-related polypeptide, beta",Calcr,Calcitonin Receptor,Q
18,Calcb,"calcitonin-related polypeptide, beta",Calcrl,Calcitonin Receptor-Like,S
19,Cck,cholecystokinin,Cckar,Cholecystokinin A Receptor,Q
20,Cck,cholecystokinin,Cckbr,Cholecystokinin B Receptor,Q
22,Cort,cortistatin,Sstr1,Somatostatin Receptor 1,I
23,Cort,cortistatin,Sstr2,Somatostatin Receptor 2,I
24,Cort,cortistatin,Sstr3,Somatostatin Receptor 3,I
25,Cort,cortistatin,Sstr4,Somatostatin Receptor 4,I
26,Cort,cortistatin,Sstr5,Somatostatin Receptor 5,I
27,Crh,corticotropin releasing hormone,Crhr1,Corticotropin Releasing Hormone Receptor 1,S
28,Crh,corticotropin releasing hormone,Crhr2,Corticotropin Releasing Hormone Receptor 2,S
29,Edn1,endothelin 1,Ednrb,Endothelin Receptor Type B,S
30,Edn2,endothelin 2,Ednra,Endothelin Receptor Type A,S
31,Edn2,endothelin 2,Ednrb,Endothelin Receptor Type B,S
32,Edn3,endothelin 3,Ednrb,Endothelin Receptor Type B,S
33,Gal,galanin and GMAP prepropeptide,Galr1,Galanin Receptor 1,I
34,Gal,galanin and GMAP prepropeptide,Galr2,Galanin Receptor 2,Q
35,Gal,galanin and GMAP prepropeptide,Galr3,Galanin Receptor 3,I
36,Galp,galanin-like peptide,Galr1,Galanin Receptor 1,I
37,Galp,galanin-like peptide,Galr2,Galanin Receptor 2,Q
38,Galp,galanin-like peptide,Galr3,Galanin Receptor 3,I
39,Gast,gastrin,Cckar,Cholecystokinin A Receptor,Q
40,Gast,gastrin,Cckbr,Cholecystokinin B Receptor,Q
41,Gcg,glucagon,Gcgr,Glucagon Receptor,S
42,Gcg,glucagon,Glp1r,Glucagon-Like Peptide 1 Receptor,S
43,Gcg,glucagon,Glp2r,Glucagon-Like Peptide 2 Receptor,S
44,Ghrh,growth hormone releasing hormone,Ghrhr,Growth Hormone Releasing Hormone Receptor,S
45,Ghrl,ghrelin,Ghsr,Ghrelin Receptor,Q
46,Gip,gastric inhibitory polypeptide,Gipr,Gastric Inhibitory Polypeptide Receptor,S
47,Gnrh1,gonadotropin releasing hormone 1,Gnrhr,Gonadotrophin-releasing hormone receptors,Q
48,Grp,gastrin releasing peptide,Grpr,Gastrin Releasing Peptide Receptor,Q
49,Hcrt,hypocretin,Hcrtr1,Hypocretin (Orexin) Receptor 1,S
50,Hcrt,hypocretin,Hcrtr2,Hypocretin (Orexin) Receptor 2,S
51,Iapp,islet amyloid polypeptide,Calcr,Calcitonin Receptor,Q
52,Kiss1,KiSS-1 metastasis-suppressor,Kiss1r,Kisspeptin Receptor,Q
53,Kng1,kininogen 1/2,Bdkrb1,"Bradykinin Receptor, Beta 1",I
54,Kng1,kininogen 1/2,Bdkrb2,"Bradykinin Receptor, Beta 2",Q
55,Nmb,neuromedin B,Nmbr,Neuromedin B Receptor,Q
56,Nms,neuromedin S,Nmur2,Neuromedin U Receptor 2,Q
57,Nmu,neuromedin U,Nmur1,Neuromedin U Receptor 1,Q
58,Npb,neuropeptide B,Npbwr1,Neuropeptides B/W Receptor 1,I
59,Npff,neuropeptide FF-amide peptide precursor,Npffr1,Neuropeptide FF Receptor 1,I
60,Npff,neuropeptide FF-amide peptide precursor,Npffr2,Neuropeptide FF Receptor 2,I
61,Nps,neuropeptide S,Npsr1,Neuropeptide S Receptor 1,Q
62,Npvf,neuropeptide VF precursor,Npffr1,Neuropeptide FF Receptor 1,I
63,Npw,neuropeptide W,Npbwr1,Neuropeptides B/W Receptor 1,I
64,Npy,neuropeptide Y,Npy1r,Neuropeptide Y Receptor Y1,I
65,Npy,neuropeptide Y,Npy2r,Neuropeptide Y Receptor Y2,I
66,Npy,neuropeptide Y,Npy4r,Neurpeptide Y Receptor Y4,I
67,Npy,neuropeptide Y,Npy5r,Neurpeptide Y Receptor Y5,I
68,Nts,neurotensin,Ntsr1,Neurotensin Receptor 1,Q
69,Nts,neurotensin,Ntsr2,Neurotensin Receptor 2,Q
70,Oxt,oxytocin,Oxtr,Oxytocin Receptor,Q
71,Oxt,oxytocin,Avpr1b,Arginine Vasopressin Receptor 1B,Q
72,Oxt,oxytocin,Avpr2,Arginine Vasopressin Receptor 2,S
73,Pdyn,prodynorphin,Oprd1,Delta Opioid Receptor,I
74,Pdyn,prodynorphin,Oprk1,Kappa Opioid Receptor,I
75,Pdyn,prodynorphin,Oprl1,Opioid Receptor-Like 1,I
76,Pdyn,prodynorphin,Oprm1,Mu Opioid Receptor,I
77,Penk,preproenkephalin,Oprd1,Delta Opioid Receptor,I
78,Penk,preproenkephalin,Oprk1,Kappa Opioid Receptor,I
79,Penk,preproenkephalin,Oprl1,Opioid Receptor-Like 1,I
80,Penk,preproenkephalin,Oprm1,Mu Opioid Receptor,I
81,Pmch,pro-melanin-concentrating hormone,Mchr1,Melanin-Concentrating Hormone Receptor 1,S
82,Pnoc,prepronociceptin,Oprl1,Opioid Receptor-Like 1,I
83,Pomc,pro-opiomelanocortin-alpha,Mc1r,Melanocortin 1 Receptor,S
84,Pomc,pro-opiomelanocortin-alpha,Mc3r,Melanocortin 3 Receptor,S
85,Pomc,pro-opiomelanocortin-alpha,Mc4r,Melanocortin 4 Receptor,S
86,Pomc,pro-opiomelanocortin-alpha,Mc5r,Melanocortin 5 Receptor,S
87,Pomc,pro-opiomelanocortin-alpha,Mc2r,Melanocortin 2 Receptor,S
88,Pomc,pro-opiomelanocortin-alpha,Oprd1,Delta Opioid Receptor,I
89,Pomc,pro-opiomelanocortin-alpha,Oprk1,Kappa Opioid Receptor,I
90,Pomc,pro-opiomelanocortin-alpha,Oprl1,Opioid Receptor-Like 1,I
91,Pomc,pro-opiomelanocortin-alpha,Oprm1,Mu Opioid Receptor,I
92,Ppy,pancreatic polypeptide,Npy1r,Neuropeptide Y Receptor Y1,I
93,Ppy,pancreatic polypeptide,Npy2r,Neuropeptide Y Receptor Y2,I
94,Ppy,pancreatic polypeptide,Npy4r,Neurpeptide Y Receptor Y4,I
95,Ppy,pancreatic polypeptide,Npy5r,Neurpeptide Y Receptor Y5,I
96,Prlh,prolactin releasing hormone,Prlhr,Prolactin-Releasing Peptide Receptor,Q
97,Prlh,prolactin releasing hormone,Npffr2,Neuropeptide FF Receptor 2,I
98,Pthlh,parathyroid hormone-like peptide,Pth1r,Parathyroid Hormone 1 Receptor,Q
99,Pyy,peptide YY,Npy4r,Neurpeptide Y Receptor Y4,I
100,Pyy,peptide YY,Npy5r,Neurpeptide Y Receptor Y5,I
101,Rln1,relaxin 1,Rxfp1,Relaxin Family Receptor 1,S
102,Rln1,relaxin 1,Rxfp2,Relaxin Family Receptor 2,S
103,Rln1,relaxin 1,Rxfp3,Relaxin Family Receptor 3,I
104,Rln3,relaxin 3,Rxfp3,Relaxin Family Receptor 3,I
105,Rln3,relaxin 3,Rxfp4,Relaxin Family Peptide Receptor 4,I
106,Sct,secretin,Sctr,Secretin Receptor,S
107,Sst,somatostatin,Sstr1,Somatostatin Receptor 1,I
108,Sst,somatostatin,Sstr2,Somatostatin Receptor 2,I
109,Sst,somatostatin,Sstr3,Somatostatin Receptor 3,I
110,Sst,somatostatin,Sstr4,Somatostatin Receptor 4,I
111,Sst,somatostatin,Sstr5,Somatostatin Receptor 5,I
112,Tac1,tachykinin 1,Tacr1,Tachykinin Receptor 1,Q
113,Tac1,tachykinin 1,Tacr2,Tachykinin Receptor 2,S
114,Tac2,tachykinin 2,Tacr2,Tachykinin Receptor 2,S
115,Tac2,tachykinin 2,Tacr3,Tachykinin Receptor 3,Q
116,Trh,thyrotropin releasing hormone,Trhr,Thyrotropin Releasing Hormone Receptor,Q
117,Trh,thyrotropin releasing hormone,Trhr2,Thyrotropin Releasing Hormone Receptor 2,Q
118,Ucn,urocortin,Crhr1,Corticotropin Releasing Hormone Receptor 1,S
119,Ucn,urocortin,Crhr2,Corticotropin Releasing Hormone Receptor 2,S
120,Ucn2,urocortin 2,Crhr2,Corticotropin Releasing Hormone Receptor 2,S
121,Ucn3,urocortin 3,Crhr2,Corticotropin Releasing Hormone Receptor 2,S
122,Uts2,urotensin 2,Uts2r,Urotensin 2 Receptor,Q
123,Uts2b,urotensin 2B,Uts2r,Urotensin 2 Receptor,Q
124,Vip,vasoactive intestinal polypeptide,Adcyap1r1,Adenylate Cyclase Activating Peptide 1 Receptor 1,S
125,Vip,vasoactive intestinal polypeptide,Vipr1,Vasoactive Intestinal Peptide Receptor 1,S
126,Vip,vasoactive intestinal polypeptide,Vipr2,Vasoactive Intestinal Peptide Receptor 2,S