Symbol,Label
Nradd,neurotrophin receptor associated death domain
Ntf3,neurotrophin 3
Ntf5,neurotrophin 5
Ngfr,"nerve growth factor receptor (TNFR superfamily, member 16)"
Akt1s1,AKT1 substrate 1
Bcar1,breast cancer anti-estrogen resistance 1
Bdnf,brain derived neurotrophic factor
Bex1,brain expressed X-linked 1
Casp3,caspase 3
Cd2ap,CD2-associated protein
Ddit4,DNA-damage-inducible transcript 4
Efna5,ephrin A5
Frs2,fibroblast growth factor receptor substrate 2
Gfra1,glial cell line derived neurotrophic factor family receptor alpha 1
Grb2,growth factor receptor bound protein 2
Hap1,huntingtin-associated protein 1
Lmtk2,lemur tyrosine kinase 2
Ndn,"necdin, MAGE family member"
Ntrk1,"neurotrophic tyrosine kinase, receptor, type 1"
Ntrk2,"neurotrophic tyrosine kinase, receptor, type 2"
Ntrk3,"neurotrophic tyrosine kinase, receptor, type 3"
Pik3r1,phosphoinositide-3-kinase regulatory subunit 1
Plcg1,"phospholipase C, gamma 1"
Ptpn11,"protein tyrosine phosphatase, non-receptor type 11"
Raf1,v-raf-leukemia viral oncogene 1
Shc1,src homology 2 domain-containing transforming protein C1
Sort1,sortilin 1
Sos1,SOS Ras/Rac guanine nucleotide exchange factor 1
Src,Rous sarcoma oncogene
Ngf,nerve growth factor
Npy,neuropeptide Y
Shh,sonic hedgehog
Epha2,Eph receptor A2
Epha3,Eph receptor A3
Epha5,Eph receptor A5
Epha7,Eph receptor A7
Epha8,Eph receptor A8
Erbb2,erb-b2 receptor tyrosine kinase 2
Erbb3,erb-b2 receptor tyrosine kinase 3
Ghr,growth hormone receptor
Ghrhr,growth hormone releasing hormone receptor
Nrp1,neuropilin 1
Tek,TEK receptor tyrosine kinase
Tgfbr1,"transforming growth factor, beta receptor I"
Vegfa,vascular endothelial growth factor A
Agrn,agrin
Fgfr1,fibroblast growth factor receptor 1
Fgfr2,fibroblast growth factor receptor 2
Fgfr3,fibroblast growth factor receptor 3
Fgfr4,fibroblast growth factor receptor 4
Fgfrl1,fibroblast growth factor receptor-like 1
Fibp,fibroblast growth factor (acidic) intracellular binding protein
Igf1r,insulin-like growth factor I receptor
Igf2r,insulin-like growth factor 2 receptor
Insr,insulin receptor
Pdgfa,"platelet derived growth factor, alpha"
Pdgfb,"platelet derived growth factor, B polypeptide"
Pdgfra,"platelet derived growth factor receptor, alpha polypeptide"
Pdgfrb,"platelet derived growth factor receptor, beta polypeptide"
Ptn,pleiotrophin
Ptprz1,"protein tyrosine phosphatase receptor type Z, polypeptide 1"
Thbs1,thrombospondin 1