Symbol,Label
Adra1a,Adrenoceptor alpha 1A
Adra1b,Adrenoceptor alpha 1B
Adra1d,Adrenoceptor alpha 1D
Avpr1a,Arginine vasopressin receptor 1A
Avpr1b,Arginine vasopressin receptor 1B
Cckar,Cholecystokinin A receptor
Cckbr,Cholecystokinin B receptor
Chrm1,M1 muscarinic Ach receptor
Chrm3,M3 muscarinic Ach receptor
Chrm5,M5 muscarinic Ach receptor
Ednra,Endothelin receptor type A
Ednrb,Endothelin receptor type B
Gnrhr,Gonadotropin releasing hormone receptor
Gpr173,Cholecystokinin C receptor
Grm1,Metabotropic glutamate receptor 1
Grm5,Metabotropic glutamate receptor 5
Grpr,Gastrin releasing peptide receptor
Hrh1,Histamine receptor H1
Htr2a,5-hydroxytryptamine receptor 2A
Htr2b,5-hydroxytryptamine receptor 2B
Htr2c,5-hydroxytryptamine receptor 2C
Mtnr1a,Melatonin receptor 1a
Mtnr1b,Melatonin receptor 1b
Nmbr,Neuromedin b receptor
Ntsr1,Neurotensin receptor 1
Ntsr2,Neurotensin receptor 2
Oxtr,Oxytocin receptor
P2ry1,"Purinergic receptor P2Y, G-protein coupled, 1"
P2ry2,"Purinergic receptor P2Y, G-protein coupled, 2"
P2ry4,"Purinergic receptor P2Y, G-protein coupled, 4"
P2ry6,"Purinergic receptor P2Y, G-protein coupled, 6"
Pth1r,Parathyroid hormone 1 receptor
S1pr1,Sphingosine-1-phosphate receptor 1
S1pr2,Sphingosine-1-phosphate receptor 2
S1pr3,Sphingosine-1-phosphate receptor 3
Trhr,Thyrotropin releasing hormone receptor
Trhr2,Thyrotropin releasing hormone receptor 2