Symbol,Label
Adcyap1r1,adenylate cyclase activating peptide 1 receptor 1
Adora2a,adenosine A2a receptor
Adora2b,adenosine A2b receptor
Adrb1,"adrenergic receptor, beta 1"
Adrb2,"adrenergic receptor, beta 2"
Adrb3,"adrenergic receptor, beta 3"
Avpr2,arginine vasopressin receptor 2
Bdkrb2,"bradykinin receptor, beta 2"
Calcr,calcitonin receptor
Crhr1,corticotropin releasing hormone receptor 1
Crhr2,corticotropin releasing hormone receptor 2
Drd1,dopamine receptor D1
Drd5,dopamine receptor D5
Ednrb,endothelin receptor type B
Fshr,follicle stimulating hormone receptor
Fzd3,frizzled class receptor 3
Fzd7,frizzled class receptor 7
Gcgr,glucagon receptor
Ghrhr,growth hormone releasing hormone receptor
Gipr,gastric inhibitory polypeptide receptor
Glp1r,glucagon-like peptide 1 receptor
Glp2r,glucagon-like peptide 2 receptor
Gpbar1,G protein-coupled bile acid receptor 1
Gpr101,G protein-coupled receptor 101
Gpr119,G-protein coupled receptor 119
Gpr12,G-protein coupled receptor 12
Gpr26,G protein-coupled receptor 26
Gpr3,G-protein coupled receptor 3
Gpr4,G protein-coupled receptor 4
Gpr6,G protein-coupled receptor 6
Gpr65,G-protein coupled receptor 65
Hcrtr1,hypocretin (orexin) receptor 1
Hcrtr2,hypocretin (orexin) receptor 2
Htr4,5 hydroxytryptamine (serotonin) receptor 4
Htr6,5-hydroxytryptamine (serotonin) receptor 6
Htr7,5-hydroxytryptamine (serotonin) receptor 7
Lhcgr,luteinizing hormone/choriogonadotropin receptor
Lpar4,lysophosphatidic acid receptor 4
Lpar6,lysophosphatidic acid receptor 6
Mc1r,melanocortin 1 receptor
Mc2r,melanocortin 2 receptor
Mc3r,melanocortin 3 receptor
Mc4r,melanocortin 4 receptor
Mc5r,melanocortin 5 receptor
Mchr1,melanin-concentrating hormone receptor 1
Ptgdr,prostaglandin D receptor
Ptger2,prostaglandin E receptor 2 (subtype EP2)
Ptger4,prostaglandin E receptor 4 (subtype EP4)
Ptgir,prostaglandin I receptor (IP)
Pth1r,parathyroid hormone 1 receptor
Rxfp1,relaxin/insulin-like family peptide receptor 1
Rxfp2,relaxin/insulin-like family peptide receptor 2
S1pr2,sphingosine-1-phosphate receptor 2
Sctr,secretin receptor
Taar1,trace amine-associated receptor 1
Taar3,trace amine-associated receptor 3
Taar4,trace amine-associated receptor 4
Tacr1,tachykinin receptor 1
Tacr2,tachykinin receptor 2
Tshr,thyroid stimulating hormone receptor
Vipr1,vasoactive intestinal peptide receptor 1
Vipr2,vasoactive intestinal peptide receptor 2