Symbol,Label
Slitrk1,SLIT and NTRK  like family member 1
Slitrk2,SLIT and NTRK like family member 2
Slitrk3,SLIT and NTRK like family member 3
Slitrk4,SLIT and NTRK like family member 4
Slitrk5,SLIT and NTRK like family member 5
Slitrk6,SLIT and NTRK like family member 6
Syn1,synapsin I
Syn2,synapsin II
Dlg4,PSD95
Gphn,Gephyrin
Gria1,AMPA subunit GluA1
Gria2,AMPA subunit GluA2
Gria3,AMPA subunit GluA3
Gria4,AMPA subunit GluA4
Grin1,NMDA subunit GluN1
Grin2b,NMDA subunit GluN2B
Gad1,GAD67
Gad2,GAD65
Slc32a1,VGAT
Slc17a7,VGluT1
Slc17a6,VGluT2
Sst,Somatostatin
Vip,Vasocative Intestinal Peptide
Cck,Cholecystokinin
Pvalb,Parvalbumin