Symbol,Label,Symbol
Syn1,synapsin I,Syn1
Syn2,synapsin II,Syn2
Dlg4,PSD95,Dlg4
Gphn,Gephyrin,Gphn
Gria1,AMPA subunit GluA1,Gria1
Gria2,AMPA subunit GluA2,Gria2
Gria3,AMPA subunit GluA3,Gria3
Gria4,AMPA subunit GluA4,Gria4
Grin1,NMDA subunit GluN1,Grin1
Grin2b,NMDA subunit GluN2B,Grin2b
Gad1,GAD67,Gad1
Gad2,GAD65,Gad2
Slc32a1,VGAT,Slc32a1
Slc17a7,VGluT1,Slc17a7
Slc17a6,VGluT2,Slc17a6
Sst,Somatostatin,Sst
Vip,Vasocative Intestinal Peptide,Vip
Cck,Cholecystokinin,Cck
Pvalb,Parvalbumin,Pvalb