Symbol,sum of cpms brainwide,mean cell%,Label,Ga class
Adcyap1,"97,744,639",17.30%,adenylate cyclase activating polypeptide 1,S
Adm,"2,304,833",1.00%,adrenomedullin,S
Agt,"1,999,517",0.90%,angiotensinogen,I
Calca,"6,485,356",2.00%,"calcitonin/calcitonin-related polypeptide, alpha",S
Cck,"1,692,328,873",57.00%,cholecystokinin,Q
Cort,"51,533,226",5.20%,cortistatin,I
Crh,"51,891,097",4.00%,corticotropin releasing hormone,S
Ghrl,"731,408",0.50%,ghrelin,Q
Grp,"24,361,171",6.60%,gastrin releasing peptide,Q
Nmb,"11,050,757",5.60%,neuromedin B,Q
Npy,"387,722,670",14.60%,neuropeptide Y,I
Pdyn,"62,841,872",10.10%,prodynorphin,I
Penk,"167,225,658",17.70%,preproenkephalin,I
Pnoc,"55,338,110",10.80%,prepronociceptin,I
Pomc,"23,411,270",10.70%,pro-opiomelanocortin-alpha,M
Pthlh,"12,907,306",2.70%,parathyroid hormone-like peptide,Q
Sst,"414,674,358",16.60%,somatostatin,I
Tac1,"120,457,417",11.70%,tachykinin 1,M
Tac2,"47,607,026",3.30%,tachykinin 2,M
Vip,"286,999,945",7.00%,vasoactive intestinal polypeptide,S