Symbol,Label,pcGa,Row Mean,Top 30 from Y23_neur_61NPPs_regions_mean_mean_11279,,,,,,,,,,,
Cck,cholecystokinin,Q,8.539539306,,,,,,,,,,,,
Nts,neurotensin,Q,0.347922992,,,,,,,,,,,,
Grp,gastrin releasing peptide,Q,0.155565211,,,,,,,,,,,,
Nmb,neuromedin B,Q,0.074394865,,,,,,,,,,,,
Pthlh,parathyroid hormone-like peptide,Q,0.059207309,,,,,,,,,,,,
Gnrh1,gonadotropin releasing hormone 1,Q,0.057617585,,,,,,,,,,,,
Trh,thyrotropin releasing hormone,Q,0.05400126,,,,,,,,,,,,
Vip,vasoactive intestinal polypeptide,S,0.972424405,,,,,,,,,,,,
Adcyap1,adenylate cyclase activating polypeptide 1,S,0.640350357,,,,,,,,,,,,
Crh,corticotropin releasing hormone,S,0.202621008,,,,,,,,,,,,
Agrp,agouti related neuropeptide,S,0.15778812,,,,,,,,,,,,
Pmch,pro-melanin-concentrating hormone,S,0.107890435,,,,,,,,,,,,
Calca,"calcitonin/calcitonin-related polypeptide, alpha",S,0.059187439,,,,,,,,,,,,
Hcrt,hypocretin,S,0.026853922,,,,,,,,,,,,
Edn1,endothelin 1,S,0.015879616,,,,,,,,,,,,
Ucn3,urocortin 3,S,0.013872849,,,,,,,,,,,,
Adm,adrenomedullin,S,0.012521126,,,,,,,,,,,,
Sst,somatostatin,I,2.706170878,,,,,,,,,,,,
Penk,preproenkephalin,I,1.998956401,,,,,,,,,,,,
Npy,neuropeptide Y,I,1.853969687,,,,,,,,,,,,
Pdyn,prodynorphin,I,0.65383854,,,,,,,,,,,,
Pnoc,prepronociceptin,I,0.355268387,,,,,,,,,,,,
Cort,cortistatin,I,0.291727239,,,,,,,,,,,,
Npff,neuropeptide FF-amide peptide precursor,I,0.040678547,,,,,,,,,,,,
Tac1,tachykinin 1,M,1.406271295,,,,,,,,,,,,
Tac2,tachykinin 2,M,0.209705363,,,,,,,,,,,,
Avp,arginine vasopressin,M,0.127970232,,,,,,,,,,,,
Pomc,pro-opiomelanocortin-alpha,M,0.124641202,,,,,,,,,,,,
Oxt,oxytocin,M,0.110829909,,,,,,,,,,,,
Gal,galanin and GMAP prepropeptide,M,0.091170666,,,,,,,,,,,,