Symbol,Label
Cckbr,Cckbr
Npy1r,Npy1r
Ntsr2,Ntsr2
Adcyap1r1,Adcyap1r1
Sstr2,Sstr2
Oprm1,Oprm1
Oprl1,Oprl1
Npy2r,Npy2r
Mchr1,Mchr1
Crhr1,Crhr1
Npy5r,Npy5r
Sstr1,Sstr1
Hcrtr2,Hcrtr2
Vipr1,Vipr1
Grpr,Grpr
Oprk1,Oprk1
Nmbr,Nmbr
Sstr4,Sstr4
Gpr173,Gpr173
Oxtr,Oxtr
Sstr3,Sstr3
Trhr,Trhr
Pth1r,Pth1r
Hcrtr1,Hcrtr1
Oprd1,Oprd1
Ednrb,Ednrb
Npffr1,Npffr1
Ntsr1,Ntsr1
Mc4r,Mc4r
Trhr2,Trhr2
Tacr1,Tacr1
Tacr3,Tacr3
Crhr2,Crhr2
Calcrl,Calcrl
Galr2,Galr2
Mc5r,Mc5r
Avpr1a,Avpr1a
Vipr2,Vipr2
Galr1,Galr1
Mc3r,Mc3r
Npffr2,Npffr2
Sstr5,Sstr5
Mc1r,Mc1r
Tacr2,Tacr2
Gnrhr,Gnrhr
Galr3,Galr3
Avpr2,Avpr2
Cckar,Cckar
Avpr1b,Avpr1b
Mc2r,Mc2r
Npy4r,Npy4r